case,family,c,b,epsilon,configuration,F_over_F0,F_over_F0_minus1,metric_positive_lower_bound,metric_correction_operator_norm,light_mass_squared_GeV2,light_signed_sqrt_eV,heavy_min_GeV,heavy_max_GeV,negative_modes,exact_zero_modes,inverse_trace_light_estimate_GeV2,inverse_trace_light_relative_error,heavy_coordinate_relative_error,heavy_min_relative_change,heavy_max_relative_change,light_mass_squared_relative_change
baseline,structural,0,0,0,source off,1,0,1.0,0.0,0,0E+9,213.72684456595545,425.40844252819585,0,1,0,0,0.0,0.0,0.0,0
baseline,structural,0,0,0,source minimum,1,0,1.0,0.0,2.0939086624230415763486882597044457877016436467251766618001485808656449749708925350000000000000000000000000000E-25,0.00045759246742303807030974093487322996523093016697481557872656716247188818479176677875632980028606467564057304491,213.7534714629906,425.4148835813621,0,0,2.0939086624230415763486882595611705466861026031887896514951289373894639447316211443997018085116831610981022959E-25,6.8424780692078973046961220857011892841938119655263965620442872075223810416726737575256141519798654638025154441E-29,0.0,0.0,0.0,0
baseline,structural,0,0,0,source maximum,1,0,1.0,0.0,-2.6531533072167887400050678339010332611826416376370076282894916393336159617674970450000000000000000000000000000E-25,-0.00051508769226383081381305853943103203241345989892203320014447963808790845000889260836295366319653402521119840182,213.65785397851832,425.404512217255,1,0,-2.6531533072167887400050678341332422715342745290969333700238200178088243804585495163210668016876660595989386185E-25,8.7521896951829301018557869726213782301691829476382701924914728376436458711281464701237364945298877255437642517E-29,0.0,0.0,0.0,0
structural_c1_b0c,structural,0.016403495156687706666666666666666666666666666666666666666666666666666666666666666666666666666666666666666666667,0E-111,0,source off,1.0000000000000000000000000000000000000000000000000000000,0E-55,1.0,0.26195095633365384,0,0E+9,206.99327845191272,378.69089729851606,0,1,0,0,8.155127830489032e-16,-0.03150547666446635,-0.10981809611496696,0
structural_c1_b0c,structural,0.016403495156687706666666666666666666666666666666666666666666666666666666666666666666666666666666666666666666667,0E-111,0,source minimum,1.0000000000000000000000000000000000000000000000000000000,0E-55,1.0,0.26195095633365384,2.0939086624230415763486882597043758856080676731285504368142773012297328763463363082257232086049759481614579842E-25,0.00045759246742303807030974093487322232720161888571491123334857168955385316427398735067794742918736973745235820041,207.01854411506983,378.6971411050949,0,0,2.0939086624230415763486882595421315305867615935446199708177310105227617083580770119218627886246828383662037735E-25,7.7483969541230704822144950444202655637519030572679255102857799463991267777581856754731105753221181475474754402E-29,6.790967494788905e-16,-0.031507920324404526,-0.10981689705581799,-3.338354476984869038317259154711031319531222174786776980925975290102166608420890E-32
structural_c1_b0c,structural,0.016403495156687706666666666666666666666666666666666666666666666666666666666666666666666666666666666666666666667,0E-111,0,source maximum,1.0000000000000000000000000000000000000000000000000000000,0E-55,1.0,0.26195095633365384,-2.6531533072167887400050678339008910597345240486384077434241856826427857489790560392695777128439527123094316380E-25,-0.00051508769226383081381305853943101822879805097621990989704694279446403444109856267106713945748098947731221616882,206.92277637882773,378.687565151301,1,0,-2.6531533072167887400050678341638093354509189907303097234881331740945559120456914916325816918987713767425787168E-25,9.9096526009724447136659330891813366701720891678409653641236230147165585898220181941032534484062243270495131785E-29,1.0555265020527001e-15,-0.03152272417922786,-0.10981770461827056,-5.359714711200054321233688409114828507391851491405925047779034397638501040682082E-32
structural_c1_b1c,structural,0.016403495156687706666666666666666666666666666666666666666666666666666666666666666666666666666666666666666666667,0.016403495156687706666666666666666666666666666666666666666666666666666666666666666666666666666666666666666666667,0,source off,1.0000000000000000000000000000001719802569330483864214436434043744961713192097794775799692051371413665088429317,1.719802569330483864214436434043744961713192097794775799692051371413665088429317E-31,1.0,0.26195899167484493,0,0E+9,206.99085754447762,378.69003564479317,0,1,0,0,8.1552758860877e-16,-0.03151680377426391,-0.1098201215889274,0
structural_c1_b1c,structural,0.016403495156687706666666666666666666666666666666666666666666666666666666666666666666666666666666666666666666667,0.016403495156687706666666666666666666666666666666666666666666666666666666666666666666666666666666666666666666667,0,source minimum,1.0000000000000000000000000000001719802569330483864214436434043744961713192097794775799692051371413665088429317,1.719802569330483864214436434043744961713192097794775799692051371413665088429317E-31,1.0,0.26195899167484493,2.0939086624230415763486882597038055844143494841038999862168437746627394229157499057062382829186748743807382592E-25,0.00045759246742303807030974093487316001179715758879679862713667456883785196255652708279875652022636970551086420836,207.0174559995856,378.69542541745375,0,0,2.0939086624230415763486882595414906379209931470126970913408862236637245420901040240031383873539324531847668122E-25,7.7517682316442480321120249295940426941776740790746988490113356482760574367282524488002255694360132756027074258E-29,1.0270052578358855e-15,-0.0315130108404873,-0.10982093003093796,-3.0574556511616337897756560088958849993622553413128188728547388788292603625164717E-31
structural_c1_b1c,structural,0.016403495156687706666666666666666666666666666666666666666666666666666666666666666666666666666666666666666666667,0.016403495156687706666666666666666666666666666666666666666666666666666666666666666666666666666666666666666666667,0,source maximum,1.0000000000000000000000000000001719802569330483864214436434043744961713192097794775799692051371413665088429317,1.719802569330483864214436434043744961713192097794775799692051371413665088429317E-31,1.0,0.26195899167484493,-2.6531533072167887400050678338997059790459548253921752938916029260615442334446422942196471870964180676868668126E-25,-0.00051508769226383081381305853943090319200855201278414667277897950753439268968390598015996863443790222109644965105,206.91386051606804,378.6870463253762,1,0,-2.6531533072167887400050678341627693927096838180323746610360656026182661507318371130923675430826344413400392951E-25,9.9151229952741710311122911020051841050027771088862540225976082321070018930978169729194307065535554650263158509E-29,6.088502761974451e-16,-0.0315644538071993,-0.10981892422433948,-5.0026590362362359708084231694093165728929490310724269595781626985336227812081663E-31
structural_c1_b3c,structural,0.016403495156687706666666666666666666666666666666666666666666666666666666666666666666666666666666666666666666667,0.049210485470063120000000000000000000000000000000000000000000000000000000000000000000000000000000000000000000001,0,source off,1.0000000000000000000000000000005159407707991451592643309302130347568876333573256781212233109361239914083024320,5.159407707991451592643309302130347568876333573256781212233109361239914083024320E-31,1.0,0.2620157865475869,0,0E+9,206.98553410040526,378.68858633588974,0,1,0,0,4.285892362313779e-16,-0.03154171147401108,-0.10982352845338639,0
structural_c1_b3c,structural,0.016403495156687706666666666666666666666666666666666666666666666666666666666666666666666666666666666666666666667,0.049210485470063120000000000000000000000000000000000000000000000000000000000000000000000000000000000000000000001,0,source minimum,1.0000000000000000000000000000005159407707991451592643309302130347568876333573256781212233109361239914083024320,5.159407707991451592643309302130347568876333573256781212233109361239914083024320E-31,1.0,0.2620157865475869,2.0939086624230415763486882597026649820269131060545990850219775381404487970890607655902997390673851965712360536E-25,0.00045759246742303807030974093487303538098823499496057341471288039117647078210876752970548052715654220115695949890,207.01513730960627,378.6927223626948,0,0,2.0939086624230415763486882595402088525894562539488513323871978269122001080943447132163949918880742846684466472E-25,7.7585107866866031319070846999415852546030068424671984947233886127398635455044907959620310053913633411264670800E-29,8.30536095437579e-16,-0.031523858336733546,-0.10982728395710106,-8.5046960580879275616635161957415487947469836287130802664336981372111280759406519E-31
structural_c1_b3c,structural,0.016403495156687706666666666666666666666666666666666666666666666666666666666666666666666666666666666666666666667,0.049210485470063120000000000000000000000000000000000000000000000000000000000000000000000000000000000000000000001,0,source maximum,1.0000000000000000000000000000005159407707991451592643309302130347568876333573256781212233109361239914083024320,5.159407707991451592643309302130347568876333573256781212233109361239914083024320E-31,1.0,0.2620157865475869,-2.6531533072167887400050678338973358176688163788997103948264409779016851273923924640972545173646667944385841730E-25,-0.00051508769226383081381305853943067311842955408591262022424305320265793378635676581010429203212568436140706271122,206.89250750501972,378.6861407553392,1,0,-2.6531533072167887400050678341606895072272134726365045361319329053914623064510706392298808951008981136333158976E-25,9.9260637838776236660050071276528514487263374082102289424970664179905753277639705003584002055406614526219395611E-29,6.566348862715368e-16,-0.031664394018386055,-0.10982105295125932,-1.39360341664686970481785318263915471659856302011760702195944673963810733838598592E-30
structural_c3_b0c,structural,0.049210485470063120000000000000000000000000000000000000000000000000000000000000000000000000000000000000000000001,0E-111,0,source off,1.0000000000000000000000000000000000000000000000000000000,0E-55,1.0,0.7858528690009616,0,0E+9,195.23873914880303,318.3341760929849,0,1,0,0,7.298024029764943e-16,-0.08650343130596794,-0.25169755870116317,0
structural_c3_b0c,structural,0.049210485470063120000000000000000000000000000000000000000000000000000000000000000000000000000000000000000000001,0E-111,0,source minimum,1.0000000000000000000000000000000000000000000000000000000,0E-55,1.0,0.7858528690009616,2.0939086624230415763486882597042360814209157259352979868425346428428954586491137151317798943177396208766757058E-25,0.00045759246742303807030974093487320705114299632319510254259258073250525341269349155730247422576327013764957889243,195.26164201121648,318.3405590531583,0,0,2.0939086624230415763486882595040534983880795742562806094639738385825110151816132895192613513685875233305428840E-25,9.5602347239534168372512409618089899224340988200481579081462712404055543542198493616798743897676362160794610538E-29,6.711735149765885e-16,-0.0865100778256872,-0.25169388439538565,-1.0015063430954607114951777464137827451271697361414008215242037096083093389049443E-31
structural_c3_b0c,structural,0.049210485470063120000000000000000000000000000000000000000000000000000000000000000000000000000000000000000000001,0E-111,0,source maximum,1.0000000000000000000000000000000000000000000000000000000,0E-55,1.0,0.7858528690009616,-2.6531533072167887400050678339006066568382888706412079736935741883817128394406813869654135722033986003863897522E-25,-0.00051508769226383081381305853943099062156723313081566329085186914679092640572301065620409615236484146493999780747,195.1640442229692,318.33161855919025,1,0,-2.6531533072167887400050678342249434632842079139970624304188724713788346285206548791941000015466388395660702551E-25,1.2224578412551473937286225322381250479135443096283095308363024253113982488602140038289003582898276482985783704E-28,5.972704941051158e-16,-0.08655806192553317,-0.25169665714166756,-1.6079144133600162963701065227328688448317214020995559950119149520308535659356274E-31
structural_c3_b1c,structural,0.049210485470063120000000000000000000000000000000000000000000000000000000000000000000000000000000000000000000001,0.049210485470063120000000000000000000000000000000000000000000000000000000000000000000000000000000000000000000001,0,source off,1.0000000000000000000000000000005159407707991451592643309302130347568876333573256781212233109361239914083024320,5.159407707991451592643309302130347568876333573256781212233109361239914083024320E-31,1.0,0.785876975024535,0,0E+9,195.23224059079527,318.3328033498196,0,1,0,0,1.0052067783252404e-15,-0.08653383721038743,-0.25170078558391407,0
structural_c3_b1c,structural,0.049210485470063120000000000000000000000000000000000000000000000000000000000000000000000000000000000000000000001,0.049210485470063120000000000000000000000000000000000000000000000000000000000000000000000000000000000000000000001,0,source minimum,1.0000000000000000000000000000005159407707991451592643309302130347568876333573256781212233109361239914083024320,5.159407707991451592643309302130347568876333573256781212233109361239914083024320E-31,1.0,0.785876975024535,2.0939086624230415763486882597025251778397611588613466350502353366818217663353744870672760215894683738225005796E-25,0.00045759246742303807030974093487302010492961243244076472395688947781436201891189577772482543591612169017281390594,195.25900864908766,318.33684759958004,0,0,2.0939086624230415763486882595021308203907742346605119710335105833274722107646164611952603800397954521262684391E-25,9.5703485565169494869438306173284729290423588182330482276444367797145767386543159547331719726279199011524723618E-29,9.014600358132009e-16,-0.08652239744843204,-0.25170260871068706,-9.1723669534849013693269680266820462295930701146593671993522924010515535041488297E-31
structural_c3_b1c,structural,0.049210485470063120000000000000000000000000000000000000000000000000000000000000000000000000000000000000000000001,0.049210485470063120000000000000000000000000000000000000000000000000000000000000000000000000000000000000000000001,0,source maximum,1.0000000000000000000000000000005159407707991451592643309302130347568876333573256781212233109361239914083024320,5.159407707991451592643309302130347568876333573256781212233109361239914083024320E-31,1.0,0.785876975024535,-2.6531533072167887400050678338970514147725812009025106250958310080472683339074307806657796562681204406207203972E-25,-0.00051508769226383081381305853943064551119873624050837361804797968446334408241304687154352775907003031546325469468,195.1314380588514,318.3309053543962,1,0,-2.6531533072167887400050678342218236350605023959032572430625284281136551302377555423503802329277471589266633219E-25,1.2240989595456652889625299360850392568616349600789344185726608852428564208937373559940451350450250791996652852E-28,6.170292371217324e-16,-0.08671067117209563,-0.25169833367488137,-1.50079771087087079124252695082071875190254253794009970167123326653097018801949702E-30
structural_c3_b3c,structural,0.049210485470063120000000000000000000000000000000000000000000000000000000000000000000000000000000000000000000001,0.14763145641018936000000000000000000000000000000000000000000000000000000000000000000000000000000000000000000000,0,source off,1.0000000000000000000000000000015478223123974354777929927906383056860259816238622427955111936293973294810289467,1.5478223123974354777929927906383056860259816238622427955111936293973294810289467E-30,1.0,0.7860473596427606,0,0E+9,195.21442116324428,318.331051850816,0,1,0,0,6.294557759437647e-16,-0.08661721198526506,-0.2517049028012246,0
structural_c3_b3c,structural,0.049210485470063120000000000000000000000000000000000000000000000000000000000000000000000000000000000000000000001,0.14763145641018936000000000000000000000000000000000000000000000000000000000000000000000000000000000000000000000,0,source minimum,1.0000000000000000000000000000015478223123974354777929927906383056860259816238622427955111936293973294810289467,1.5478223123974354777929927906383056860259816238622427955111936293973294810289467E-30,1.0,0.7860473596427606,2.0939086624230415763486882596991033706774520247134439314656440738649409110182488804914292810366755140619315040E-25,0.00045759246742303807030974093487264621250284465093208908668550754236817023823315304783122995352707857163594131436,195.25260848979147,318.3331043207611,0,0,2.0939086624230415763486882594982854643961635554689746941725946655163436887923027900036064972364371547994266168E-25,9.5905762216440147863290099283673336384229952926133991454592254262815032609727585826263626342917910752502551558E-29,6.286699549164133e-16,-0.08655233922786787,-0.25171140783587853,-2.55140881742637826849905485871834737436230292292837549045035195649617179365407660E-30
structural_c3_b3c,structural,0.049210485470063120000000000000000000000000000000000000000000000000000000000000000000000000000000000000000000001,0.14763145641018936000000000000000000000000000000000000000000000000000000000000000000000000000000000000000000000,0,source maximum,1.0000000000000000000000000000015478223123974354777929927906383056860259816238622427955111936293973294810289467,1.5478223123974354777929927906383056860259816238622427955111936293973294810289467E-30,1.0,0.7860473596427606,-2.6531533072167887400050678338899409306411658614251159279003767324019946479901285525776452195987972683173317734E-25,-0.00051508769226383081381305853942995529046174245989379427244020318065360083131267821239079438479047859840497647889,194.99386498221926,318.3298862726692,1,0,-2.6531533072167887400050678342155839786130913597156468683498623531152772387944374176244169950962076211561933530E-25,1.2273811961267010794303447437788429014137822364902418681704914132997250021205046314656758134738336883956182429E-28,7.6543489417571e-16,-0.08735456548288445,-0.2517007292341613,-4.18081024994060911445355954790348932064792139901634796826292579943803158227726985E-30
structural_c10_b0c,structural,0.16403495156687706666666666666666666666666666666666666666666666666666666666666666666666666666666666666666666667,0E-110,0,source off,1.0000000000000000000000000000000000000000000000000000000,0E-55,1.0,2.6195095633365386,0,0E+9,165.82480277470995,223.60486087595496,0,1,0,0,1.2324239607336541e-15,-0.2241273991038738,-0.4743760618687427,0
structural_c10_b0c,structural,0.16403495156687706666666666666666666666666666666666666666666666666666666666666666666666666666666666666666666667,0E-110,0,source minimum,1.0000000000000000000000000000000000000000000000000000000,0E-55,1.0,2.6195095633365386,2.0939086624230415763486882597037467667658839107589144119414342977813256820036781818885626596965859827133327328E-25,0.00045759246742303807030974093487315358493781735437577212494661226510359232143991844054549642883975352378786193954,165.84192056671105,223.62229543547625,0,0,2.0939086624230415763486882593707803856926925067470928447367298956197482745555479579164689970234174929564716437E-25,1.5901666918359629079879851672150529073264926572399303938259599256636520894107030752070434348582146340764963217E-28,8.538756431874629e-16,-0.22414396626337352,-0.4743430376650005,-3.3383544769848690383172591547181315585482684303672555805614065735240620788903755E-31
structural_c10_b0c,structural,0.16403495156687706666666666666666666666666666666666666666666666666666666666666666666666666666666666666666666667,0E-110,0,source maximum,1.0000000000000000000000000000000000000000000000000000000,0E-55,1.0,2.6195095633365386,-2.6531533072167887400050678338996112467014657476510087796364383592341265744606970791100170248858895918575328414E-25,-0.00051508769226383081381305853943089399625937067190080016916911179546876809758221110260683244129158259087316170029,165.71567982090403,223.6034836336355,1,0,-2.6531533072167887400050678344389129107007191454306969046986463513583744958401608235160997374354229998149985583E-25,2.0326818753078076219957248139420916564561367470216327077658632841753467952741563932979153074104073757946455715E-28,7.543685529982305e-16,-0.22438760506522037,-0.4743744431195861,-5.3597147112000543212336884090911328966043408115737176701893223611664155259028103E-31
structural_c10_b1c,structural,0.16403495156687706666666666666666666666666666666666666666666666666666666666666666666666666666666666666666666667,0.16403495156687706666666666666666666666666666666666666666666666666666666666666666666666666666666666666666666667,0,source off,1.0000000000000000000000000000017198025693304838642144364340424139873183280176034565194274858442212721152656267,1.7198025693304838642144364340424139873183280176034565194274858442212721152656267E-30,1.0,2.61958991674845,0,0E+9,165.80753759939773,223.60370432075524,0,1,0,0,1.2338306398520725e-15,-0.22420818060489334,-0.4743787805623183,0
structural_c10_b1c,structural,0.16403495156687706666666666666666666666666666666666666666666666666666666666666666666666666666666666666666666667,0.16403495156687706666666666666666666666666666666666666666666666666666666666666666666666666666666666666666666667,0,source minimum,1.0000000000000000000000000000017198025693304838642144364340424139873183280176034565194274858442212721152656267,1.7198025693304838642144364340424139873183280176034565194274858442212721152656267E-30,1.0,2.61958991674845,2.0939086624230415763486882596980437548287020205124099059671181352099911673681135410195440162517032062865858266E-25,0.00045759246742303807030974093487253043089320438519464606282764266980026347482709108898892974290752475943314847496,165.83718230691318,223.605764779223,0,0,2.0939086624230415763486882593643714590350080414278640499693486068604670276796501102117049197117406781459988633E-25,1.5935379693571404578855150523860574607486840781935577162023390140132472631362703688354354891779959730353128784E-28,8.559140590157807e-16,-0.22416613320066558,-0.47438189539398756,-3.05745565116163378977565600888747184662171147739432814630734982952495414461825675E-30
structural_c10_b1c,structural,0.16403495156687706666666666666666666666666666666666666666666666666666666666666666666666666666666666666666666667,0.16403495156687706666666666666666666666666666666666666666666666666666666666666666666666666666666666666666666667,0,source maximum,1.0000000000000000000000000000017198025693304838642144364340424139873183280176034565194274858442212721152656267,1.7198025693304838642144364340424139873183280176034565194274858442212721152656267E-30,1.0,2.61958991674845,-2.6531533072167887400050678338877604398157735151886842843106871345609120351664192849310444722103468643962710816E-25,-0.00051508769226383081381305853942974362836438103754316792648948490309249454744573853615121797658392166431473157394,165.16613033903968,223.60307439119939,1,0,-2.6531533072167887400050678344285134832883674184513462801758507040508236675815740197675463039719404285944251777E-25,2.0381522696095339394420828267623387687700887101224948765016644259767085842669118354978741122851247635651503481E-28,7.526837290344406e-16,-0.2269597056064886,-0.47437540512733245,-5.00265903623623597080842316937817327341281646034802844276701087425347173344614391E-30
structural_c10_b3c,structural,0.16403495156687706666666666666666666666666666666666666666666666666666666666666666666666666666666666666666666667,0.49210485470063120000000000000000000000000000000000000000000000000000000000000000000000000000000000000000000001,0,source off,1.0000000000000000000000000000051594077079914515926433093021183687993225568515349076898520649389694205311064922,5.1594077079914515926433093021183687993225568515349076898520649389694205311064922E-30,1.0,2.6201578654758686,0,0E+9,165.5656605524257,223.60290495414785,0,1,0,0,5.647685182054396e-16,-0.2253398917264572,-0.47438065961907283,0
structural_c10_b3c,structural,0.16403495156687706666666666666666666666666666666666666666666666666666666666666666666666666666666666666666666667,0.49210485470063120000000000000000000000000000000000000000000000000000000000000000000000000000000000000000000001,0,source minimum,1.0000000000000000000000000000051594077079914515926433093021183687993225568515349076898520649389694205311064922,5.1594077079914515926433093021183687993225568515349076898520649389694205311064922E-30,1.0,2.6201578654758686,2.0939086624230415763486882596866377309543382400194008940185674712369502415453493347269898560700627303540309632E-25,0.00045759246742303807030974093487128412280397844683239393858970985625572808031753449756983923306024629344498153626,165.81749599610953,223.60334434958995,0,0,2.0939086624230415763486882593515536057196391107894064604347037259968943879465209198726872813247686563165914950E-25,1.6002805243994955576805748227279495633309741178903352769960406071219794793833301962310359895570858348398603681E-28,7.464194731876376e-16,-0.22425823140458678,-0.4743875849683924,-8.50469605808792756166351619567978983382010114343000042021031737163604159375321295E-30
structural_c10_b3c,structural,0.16403495156687706666666666666666666666666666666666666666666666666666666666666666666666666666666666666666666667,0.49210485470063120000000000000000000000000000000000000000000000000000000000000000000000000000000000000000000001,0,source maximum,1.0000000000000000000000000000051594077079914515926433093021183687993225568515349076898520649389694205311064922,5.1594077079914515926433093021183687993225568515349076898520649389694205311064922E-30,1.0,2.6201578654758686,-2.6531533072167887400050678338640588260443890502640352936595411854768754582356299346233263808375145913651752986E-25,-0.00051508769226383081381305853942744289257440176882790344113025801662240739739011460243294783316534433161448916888,160.0680674071094,223.60266959300353,1,0,-2.6531533072167887400050678344077146284636639644926450311305039820132898457586287340646770296690263771460672646E-25,2.0490930582129865743347988524025577340198368086581943377606840440841090139709827162473613197320641591967519577E-28,7.4795855788944e-16,-0.2508205786659121,-0.4743763566879865,-1.393603416646869704817853182618192472876911528112899472567192269242543274663983124E-29
adjacent_positive,adjacent_sensitivity,0,0,0.04921048547006312,source off,1.0162711204759168070754763384773392199099052501496430466700665404088012965936326076292851649165074594900167315,0.0162711204759168070754763384773392199099052501496430466700665404088012965936326076292851649165074594900167315,0.9020529529361382,0.09794704706386177,0,0E+9,203.9785202770171,447.9050153145618,0,1,0,0,8.768924522924297e-16,-0.04561113653615012,0.052882290376441876,0
adjacent_positive,adjacent_sensitivity,0,0,0.04921048547006312,source minimum,1.0162711204759168070754763384773392199099052501496430466700665404088012965936326076292851649165074594900167315,0.0162711204759168070754763384773392199099052501496430466700665404088012965936326076292851649165074594900167315,0.9020529529361382,0.09794704706386177,2.0273959046188344898289793323731211588622097089516072461251421661332152006374532950000000000000000000000000000E-25,0.00045026613292794234868393447228699791619479283427746218757195838633251902631409637536372295141883362980770347468,204.00339426167173,447.9121546753594,0,0,2.0273959046188344898289793322347039661083352375026000623367834708639391003477149942125057667633881179951465379E-25,6.8273390726759869457503930857008826839958839853192204100906097234399897837868452247811839039377126871566099561E-29,1.8760699117907337e-15,-0.04561365546293361,0.05288313117915289,-0.03176488019646447287530699670161644062078245494378509783225310791153238643354680320017987705681331374458586814
adjacent_positive,adjacent_sensitivity,0,0,0.04921048547006312,source maximum,1.0162711204759168070754763384773392199099052501496430466700665404088012965936326076292851649165074594900167315,0.0162711204759168070754763384773392199099052501496430466700665404088012965936326076292851649165074594900167315,0.9020529529361382,0.09794704706386177,-2.5688762102701939457337318121945431096809767316490376288830191872488793514044367550000000000000000000000000000E-25,-0.00050684082415194160696720725212505477615902575119566406317352917300932830495804535899449106009675046668665587662,203.9194376927604,447.90024830288735,1,0,-2.5688762102701939457337318124188832579366121522416256276722431202536782550263336962025202517597536317683736983E-25,8.7330073500131547192136068302836923896084731848493607463117036165187127216141639951741430989211080566278537843E-29,7.529221623402677e-16,-0.045579491249299164,0.05288081212016804,-0.03176488019646447287530699673977274161029251272015200900952383912862940703267850285509261674513030006913705051
adjacent_negative,adjacent_sensitivity,0,0,-0.04921048547006312,source off,0.98345971431809274017984008408108282585314540290611323564155505080544849024703119845489048965134353360512744347,-0.01654028568190725982015991591891717414685459709388676435844494919455150975296880154510951034865646639487255653,0.9020529529361382,0.09794704706386177,0,0E+9,225.0216897330547,405.99383497126877,0,1,0,0,8.210991148023977e-16,0.05284710580010321,-0.04563756995875856,0
adjacent_negative,adjacent_sensitivity,0,0,-0.04921048547006312,source minimum,0.98345971431809274017984008408108282585314540290611323564155505080544849024703119845489048965134353360512744347,-0.01654028568190725982015991591891717414685459709388676435844494919455150975296880154510951034865646639487255653,0.9020529529361382,0.09794704706386177,2.1649336186801831249192130750731106665890202288159043863046199588468439394326470500000000000000000000000000000E-25,0.00046528847166894035619081576960738362343748788304819845238459530454063598162912913041755699140334506472654448675,225.05063769087664,405.9995723262491,0,0,2.1649336186801831249192130749246478557305895420187983664486415797456997999079338395368916421524383695851036559E-25,6.8576149207262366662728818515769353527487044389878280597259496845007898975490926013332818695585521193501069314E-29,6.840993581225321e-16,0.05285138131589151,-0.04563853312245425,0.0339197967570144491245293386419547152920634171629346514829303319298603942218141724336062974339796378162336997
adjacent_negative,adjacent_sensitivity,0,0,-0.04921048547006312,source maximum,0.98345971431809274017984008408108282585314540290611323564155505080544849024703119845489048965134353360512744347,-0.01654028568190725982015991591891717414685459709388676435844494919455150975296880154510951034865646639487255653,0.9020529529361382,0.09794704706386177,-2.7431477281627829311467772521363803162439986759513452320982025743564453720085337650000000000000000000000000000E-25,-0.00052375067810579328462796329415087151160757503730076467742769504443220473909353787089007082613118707161846217840,224.93590392246173,405.9907085794586,1,0,-2.7431477281627829311467772523769919345414243412292612031288266143548295609577504754191445051367361811592862113E-25,8.7713693224453048192937237285995267468972604275249240352099928182525158044337699651517373347787826152444173377E-29,8.260665898857326e-16,0.05278556221517294,-0.045636101828373854,0.0339197967570144491245293386854877590144931865836181957326564082184715172906003557405666439788444366300760888
