eta_relative_efficiency,budget,original_continuous_n,conditional_ideal_continuous_n,original_integer_minimum,conditional_ideal_integer_minimum,conditional_energy_fraction_at_minimum
1,one_A,48.93652272684393827270652169,49.02836648010788436439870572,49,50,0.9615122878831065514841659426
1,two_A,34.60334706784094664885460296,34.66829040858350703791166517,35,35,0.9811349876358230117185366761
1,strict_1pct_radiation,118.5563640660316579700429247,118.7788698928132213348997422,119,119,0.9962869806520620799327428425
0.75,one_A,65.24869696912525103027536225,65.37115530681051248586494096,66,66,0.9810348820356152958720191232
0.75,two_A,46.13779609045459553180613728,46.22438721144467605054888689,47,47,0.9672675296847306991440731780
0.75,strict_1pct_radiation,158.0751520880422106267238996,158.3718265237509617798663229,159,159,0.9921140554752212589289327615
0.5,one_A,97.87304545368787654541304338,98.05673296021576872879741143,98,99,0.9810348820356152958720191232
0.5,two_A,69.20669413568189329770920593,69.33658081716701407582333034,70,70,0.9811349876358230117185366761
0.5,strict_1pct_radiation,237.1127281320633159400858493,237.5577397856264426697994843,238,238,0.9962869806520620799327428425
0.25,one_A,195.7460909073757530908260868,196.1134659204315374575948229,196,197,0.9910199055714979015013692109
0.25,two_A,138.4133882713637865954184119,138.6731616343340281516466607,139,139,0.9953028185736830924736462322
0.25,strict_1pct_radiation,474.2254562641266318801716987,475.1154795712528853395989686,475,476,0.9962869806520620799327428425
