species,susceptibility_T2_over_6,B_charge,L_charge,Y_charge,mu_over_kappa,scaled_density_over_kappa,mu_over_kappa_decimal
q,18,1/3,0,1/6,36/79,648/79,0.45569620253164556
u,9,1/3,0,2/3,42/79,378/79,0.53164556962025311
d,9,1/3,0,-1/3,30/79,270/79,0.379746835443038
l_e,2,0,1,-1/2,50/79,100/79,0.63291139240506333
l_mu,2,0,1,-1/2,50/79,100/79,0.63291139240506333
l_tau,2,0,1,-1/2,50/79,100/79,0.63291139240506333
e_e,1,0,1,-1,44/79,44/79,0.55696202531645567
e_mu,1,0,1,-1,44/79,44/79,0.55696202531645567
e_tau,1,0,1,-1,44/79,44/79,0.55696202531645567
H,4,0,0,1/2,6/79,24/79,0.075949367088607597
