T_i_GeV,theta_i_rad,Delta_N_total,theta_star_rad,p_star,theta_dot_star_GeV,a_field_dot_star_GeV2,u_site0_star_signed,K_star_GeV4,V_star_GeV4,E_phi_star_GeV4,rho_rad_star_GeV4,rho_phi_over_rho_rad_star,rho_kin_over_rho_rad_star,H_star_over_H_radiation_star,initial_E_phi_GeV4,integrated_Hubble_loss_GeV4,final_scalar_ledger_residual_GeV4,max_scalar_ledger_abs_error_over_A,max_scalar_ledger_rel_initial_error,max_radiation_ledger_rel_initial_error,max_radiation_analytic_rel_error,max_scalar_energy_over_initial,min_K_over_A,min_V_over_A,min_radiation_over_A,min_H2_over_m2,conditional_n_eta_for_final_instant,nfev,tolerance_endpoint_max_natural_scale_difference,loose_nfev,loose_max_scalar_ledger_abs_error_over_A
200.0,0.0001,0.41779075779880137,3.703891812974281e-05,3.698509002919036e-05,1.7893097657110564e-17,0.9210075333256514,4.452024344833742e-06,0.42412743822130056,0.42536288671402295,0.8494903249353235,10565485886.308804,8.040239077278295e-11,4.01427291451785e-11,1.0000000000402012,3.1005804800339463,2.2510901550227946,-7.582807880313587e-11,1.4597396890427413e-18,2.9194793805183816e-10,1.5682917109019231e-16,2.3314683517128287e-15,1.0,0.0,1.6645424211866205e-16,17.03791587662411,0.0025377719005711214,1871205.236517222,377,5.222534102226895e-16,362,1.1196237006762502e-18
200.0,0.01,0.41779075779880137,0.0037037944836011607,0.00369858904351103,1.7893484887242475e-15,92.10274651382116,0.00044521206924873105,4241.457957694598,4253.400457898749,8494.858415593348,10565485886.308802,8.040196643110697e-07,4.014446664673374e-07,1.0000004020097515,31005.54644533201,22510.68802954565,-1.930136867771944e-07,1.3743211213154694e-15,2.748665148097488e-11,4.704875132705769e-16,2.55351295663786e-15,1.0,0.0,1.901028840720858e-12,17.037915876624105,0.0025377739407855893,18711.647420548445,392,1.5699767874632897e-13,362,1.1293680021121771e-14
200.0,0.1,0.41779075779880137,0.03694150184439481,0.03706502047976431,1.793176738474318e-14,922.9979718256691,0.0044616458520834994,425962.62799714936,423080.21294363093,849042.8409407802,10565485886.308802,8.036003739695546e-05,4.031642582090139e-05,1.000040179211514,3097997.526667489,2248954.685719904,-6.805067666676422e-06,5.0458769107475376e-14,1.0100167822912941e-11,3.1365834218038463e-16,2.3314683517128287e-15,1.0,0.0,6.780013294630178e-09,17.037915876624105,0.0025379758358118963,1867.1699958580996,461,1.9709581189353287e-12,362,1.1877313368935383e-12
200.0,0.5,0.41779075779880137,0.17279003974253632,0.1945605248424488,9.412686216194216e-14,4844.971552759813,0.023419929286601058,11736874.673525916,9234207.088995446,20971081.76252136,10565485886.308802,0.0019848667622278087,0.0011108693722013344,1.0009919414072361,75913023.86695565,54941942.10432697,-0.00010732342569854147,1.5632495298234517e-12,1.2769827190988346e-11,4.704875132705769e-16,2.3314683517128287e-15,1.0,0.0,4.403995320079496e-08,17.037915876624105,0.0025428090394622317,355.70778908889196,476,1.5168449829516817e-11,362,5.4242027536233195e-11
200.0,1.0,0.41779075779880137,0.2660222606071032,0.43814018619061895,2.1196879966564649e-13,10910.624032975953,0.05274046308474877,59520858.39447622,21813044.35985106,81333902.75432728,10565485886.308805,0.0076980749990611524,0.005633518328920946,1.0038416583301677,285065939.66592723,203732036.91163653,3.659202999520474e-05,9.769685060945221e-12,2.12524125869182e-11,3.1365834218038463e-16,2.3314683517128287e-15,1.0,0.0,5.6655251026433156e-08,17.037915876624112,0.0025573078587866143,157.95559575896235,503,3.964256700683677e-11,374,1.8658358191814273e-10
200.0,1.5,0.41779075779880137,0.18000685200468544,0.7352002920782315,3.5568415848952803e-13,18308.05351488537,0.08849862461002143,167592411.7519533,10019546.880319512,177611958.63227284,10565485886.308804,0.0168105812211088,0.015862253147214605,1.0083702599844508,576250819.1463772,398638860.512309,-0.0017953846814956712,2.0718760040949746e-11,2.2295910347570896e-11,4.704875132705769e-16,2.220446049250313e-15,1.0,0.0,2.1360599717239726e-08,17.03791587662411,0.0025804333210188465,94.13311567117512,584,7.659339829046985e-11,374,4.440143808182029e-10
200.0,2.0,0.41779075779880137,-0.20273794935782724,0.983443401900714,4.757822359378402e-13,24489.83579694133,0.11838051397394257,299876028.6805745,12700623.51562486,312576652.1961993,10565485886.308802,0.029584692607582695,0.028382606527274472,1.0146845286134911,878175448.3837913,565598796.1850343,-0.0025576555302386757,2.786215702599293e-11,1.9674624344694797e-11,3.1365834218038463e-16,1.2212453270876722e-15,1.0,0.0,4.072660216966736e-06,17.037915876624105,0.0026128511019475986,70.37181194354979,599,1.8629275899684217e-10,362,9.996932170963646e-10
200.0,2.5,0.41779075779880137,-0.9573593932639459,0.8400966845484039,4.0643221379684344e-13,20920.197154591628,0.10112536940350074,218827324.49349186,263126950.9203543,481954275.4138462,10565485886.308802,0.04561591209339295,0.020711524945299247,1.0225536230894656,1116918148.1512828,634963872.7339865,-0.0034500466737905928,3.5074609883167795e-11,1.947352203367585e-11,4.704875132705769e-16,2.3314683517128287e-15,1.0,0.0,2.866451489055396e-07,17.037915876624105,0.002653534680287305,82.37943966280992,596,7.52850004559491e-11,362,1.9668027206876104e-09
200.0,3.0,0.41779075779880137,-1.2806297773646098,-0.8131340377013877,-3.933878958636688e-13,-20248.769807925666,-0.09787978151742743,205006339.367181,442693553.9483615,647699893.3155425,10565485886.308805,0.06130337026476547,0.019403399102812368,1.0301957921991165,1234026379.103027,586326485.782031,-0.0054536238269805234,3.948241733553459e-11,1.984048553096728e-11,4.704875132705769e-16,2.1094237467877974e-15,1.0,0.0,7.460765857374567e-06,17.037915876624112,0.002693345870822799,85.1110529468416,521,3.9988967692750066e-10,389,5.044404671750158e-09
200.0,3.1315926535897933,0.41779075779880137,2.4249782071966037,-0.6429405291909116,-3.110496058667879e-13,-16010.588872376831,-0.07739299501445308,128169478.02013843,1087704592.2629168,1215874070.2830553,10565485886.308804,0.11507980639665948,0.012130959181557922,1.0559733928450372,1240201187.5006597,24327117.217433177,-0.00017129063147331965,2.993383318994347e-12,1.4967290774122914e-12,3.1365834218038463e-16,2.3314683517128287e-15,1.0,0.0,1.7540337984463283,17.03791587662411,0.002829818199340204,107.64089522054691,422,4.072076009720149e-11,362,1.2292433737570718e-10
500.0,0.0001,1.3340814896729565,-1.2720872469978788e-05,-1.3499969613323677e-05,-6.531179847570418e-18,-0.3361780031825076,-1.6250384499699018e-06,0.05650782491188906,0.05017377828687778,0.10668160319876684,10565485886.308798,1.0097179093013542e-11,5.3483413370618655e-12,1.0000000000050486,3.1005804800339463,2.9938988768263366,-8.842710788803604e-12,1.597682809533922e-19,3.195365621730648e-11,8.993211986995989e-16,2.55351295663786e-15,1.0,0.0,1.559398292500557e-15,17.037915876624098,0.0025377719003927012,5126433.3267371915,1097,2.6991551897205535e-17,1082,1.5639255687356328e-19
500.0,0.01,1.3340814896729565,-0.001272065338306521,-0.0013500224460334042,-6.5313031405633645e-16,-33.61843494159819,-0.00016250691267938184,565.0995839612351,501.72043287839864,1066.8200168396338,10565485886.308819,1.0097216808760891e-07,5.348543266651975e-08,1.0000000504860829,31005.54644533201,29938.72642844491,-4.746658406451109e-08,4.076667931181277e-16,8.153403807167799e-12,3.8542337087125663e-16,2.886579864025407e-15,1.0,0.0,1.594032909076424e-11,17.037915876624133,0.002537772156611413,51263.36553812341,1097,4.2879762240932706e-14,1082,1.5506462758795025e-15
500.0,0.1,1.3340814896729565,-0.012698933407384828,-0.01352545317027661,-6.5435085933663455e-15,-336.81259803981527,-0.0016281059946441983,56721.36309916509,50000.19109723015,106721.55419639523,10565485886.308804,1.010096036706551e-05,5.368552256803163e-06,1.0000050504674298,3097997.526667489,2991275.97246987,-1.224180683635436e-06,8.825405684032006e-15,1.7665527734961612e-12,2.569489139141711e-16,2.3314683517128287e-15,1.0,0.0,5.377776776723786e-09,17.03791587662411,0.0025377975343004646,5116.774518710381,1142,7.194401324683852e-13,1082,1.5066680542075161e-13
500.0,0.5,1.3340814896729565,-0.06077531517378896,-0.0706731820812461,-3.419113344648996e-14,-1759.9127932242588,-0.008507177538414746,1548646.5198772068,1144890.0130542475,2693536.532931454,10565485886.308807,0.00025493730831838504,0.0001465759868066273,1.0001274605310657,75913023.86695565,73219487.33400346,-2.0740073445071363e-05,1.5060175329040248e-13,1.230231212284769e-12,5.138978278283422e-16,2.55351295663786e-15,1.0,0.0,6.277002504108302e-09,17.037915876624115,0.0025384188731044847,979.2497252511098,1196,4.120398466866959e-12,1082,4.342831649850609e-12
500.0,1.0,1.3340814896729565,-0.10226896873261737,-0.15997474125730574,-7.739453022092935e-14,-3983.7118612801673,-0.019256717830722962,7934980.096852147,3240053.6942225024,11175033.79107465,10565485886.308813,0.001057692368465109,0.000751028412913278,1.0005287064189938,285065939.66592723,273890905.87476885,-8.368318430700162e-05,6.608602554081244e-13,1.4375974990611165e-12,5.138978278283422e-16,2.4424906541753444e-15,1.0,0.0,6.553622101004815e-08,17.037915876624123,0.0025404560823390036,432.6101332732824,1232,1.078236111506925e-11,1082,2.4499124950949636e-11
500.0,1.5,1.3340814896729565,-0.09184097149117251,-0.28271255733477396,-1.367741269060071e-13,-7040.144957483749,-0.03403109704075991,24781820.511191927,2613428.7309636907,27395249.242155615,10565485886.308819,0.0025929000840042276,0.0023455448029423053,1.0012956107384092,576250819.1463772,548855569.9040369,-0.00018464689453836147,2.052913394834377e-12,2.2091849566329797e-12,5.138978278283422e-16,2.6645352591003757e-15,1.0,0.0,1.3699686521033662e-06,17.037915876624133,0.0025443520893407272,244.79526055763705,1232,1.785974146351066e-11,1082,7.06313896259303e-11
500.0,2.0,1.3340814896729565,0.039915720309366326,-0.43062159923785287,-2.083313660273035e-13,-10723.395200546554,-0.05183542453743024,57495602.31355243,493938.9653518084,57989541.278904244,10565485886.308805,0.005488582532115205,0.005441832295479909,1.0027405359972814,878175448.3837913,820185907.1059953,0.0011082944475311494,1.3844703161680627e-11,9.776318955340017e-12,5.138978278283422e-16,2.6645352591003757e-15,1.0,0.0,5.45208003784138e-06,17.037915876624112,0.002551700670889926,160.71347618923252,1220,2.6830038191150152e-11,1082,5.5434323797953766e-11
500.0,2.5,1.3340814896729565,0.43413107645682836,-0.45258359603939524,-2.1895640852970104e-13,-11270.295707889652,-0.054479066727957784,63509782.67163796,57524528.13659225,121034310.8082302,10565485886.308807,0.011455631298989424,0.006011061237982112,1.005711505004785,1116918148.1512828,995883837.3430233,-2.9191007935967657e-05,1.2506662372402388e-11,6.943734116729291e-12,5.138978278283422e-16,2.1094237467877974e-15,1.0,0.0,7.0253932950772185e-06,17.037915876624115,0.00256684367957862,152.91472059817605,1247,2.214345373729998e-11,1082,2.651605601755591e-10
500.0,3.0,1.3340814896729565,0.5042818795271398,0.8023023412624094,3.881476057353536e-13,19979.037491169856,0.09657593242028802,199580969.5367854,77191009.42784442,276771978.9646298,10565485886.308805,0.026195859039789396,0.01888989978164759,1.0130132570898516,1234026379.103027,957254400.1340327,-0.004364606460161805,3.172995199918205e-11,1.5944759617630282e-11,3.8542337087125663e-16,2.4424906541753444e-15,1.0,0.0,1.5719066613860514e-07,17.037915876624112,0.002604251015344233,86.26011738515722,1292,1.579982811250602e-10,1094,1.2443786001625767e-09
500.0,3.1315926535897933,1.3340814896729565,-1.3151800396189388,-0.7639011474558606,-3.695694081322681e-13,-19022.765956975512,-0.09195344672233506,180932812.32693326,463324876.5912178,644257688.918151,10565485886.308807,0.06097757318979591,0.017124892718979774,1.030037656199906,1240201187.5006597,595943498.5771732,-0.005335482860900051,4.259459451816383e-11,2.1297829700387393e-11,2.569489139141711e-16,2.220446049250313e-15,1.0,0.0,4.766652689577523e-05,17.037915876624115,0.0026925190721607205,90.59640028840352,1241,3.1822255941449384e-10,1109,3.5940141973611617e-09
2000.0,0.0001,2.720375850792847,-1.1903429284697958e-05,-8.878788201564472e-06,-4.295488377668064e-18,-0.2211007412443712,-1.0687707180052782e-06,0.0244427688894052,0.043932629860337157,0.06837539874974236,10565485886.308802,6.471581097689607e-12,2.313454312695563e-12,1.0000000000032356,3.1005804800339463,3.0322050812786916,-5.5121393431453994e-12,1.0587911840678754e-19,2.1175823699004024e-11,5.138978278283422e-16,2.7755575615628914e-15,1.0,0.0,4.699089978318314e-15,17.037915876624105,0.002537771900383501,7794610.318949544,2192,3.134530124609264e-17,2162,9.820619104474566e-20
2000.0,0.01,2.720375850792847,-0.0011903339474883296,-0.000887900342061656,-4.295592498964338e-16,-22.11061006572625,-0.00010687966246735761,244.43953873929752,439.3196174423398,683.7591561816373,10565485886.308805,6.471630018148816e-08,2.3135664688743978e-08,1.0000000323581495,31005.54644533201,30321.78728911584,-3.453261223815086e-08,3.284454956273275e-16,6.5689646537361945e-12,3.8542337087125663e-16,2.7755575615628914e-15,1.0,0.0,4.676601218063762e-11,17.037915876624112,0.002537772064602287,77944.2138461032,2192,2.6283662746262593e-14,2162,8.33168711973642e-16
2000.0,0.1,2.720375850792847,-0.011894425182305272,-0.008900321860862957,-4.305906193832324e-15,-221.6369752353746,-0.0010713627997158955,24561.47439574303,43865.67397341531,68427.14836915833,10565485886.308811,6.476479085342306e-06,2.32468952777371e-06,1.0000032382342996,3097997.526667489,3029570.3782974617,-8.691897999801691e-07,5.7245874707234634e-15,1.1458720692948071e-12,5.138978278283422e-16,2.9976021664879227e-15,1.0,0.0,2.7154460851059924e-09,17.03791587662412,0.0025377883361937157,7775.751845559859,2237,5.135648850629337e-13,2162,9.920796822937561e-14
2000.0,0.5,2.720375850792847,-0.058322659876370225,-0.04711446158011222,-2.2793608490604673e-14,-1173.2504641632,-0.005671332144462684,688258.3258295822,1054373.6514194943,1742631.9772490764,10565485886.308811,0.0001649362836693815,6.51421366925922e-05,1.0000824647416178,75913023.86695565,74170391.88969325,-1.3339051385834278e-05,9.534040223968532e-14,7.788138986727206e-13,5.138978278283422e-16,2.4424906541753444e-15,1.0,0.0,2.7866458442873734e-08,17.03791587662412,0.0025381904710331266,1468.9055507512192,2276,3.2680871897561303e-12,2162,2.658609443706439e-12
2000.0,1.0,2.720375850792847,-0.10757427886111089,-0.11123258232758185,-5.381345446689946e-14,-2769.928265528444,-0.013389454076501502,3836251.2980867075,3584602.8236293104,7420854.121716017,10565485886.308811,0.0007023675202038993,0.00036309274740103334,1.0003511221167314,285065939.66592723,277645085.54415876,-5.242677486613059e-05,3.868572129306358e-13,8.415469946204889e-13,7.708467417425133e-16,2.4424906541753444e-15,1.0,0.0,1.3230385598544245e-08,17.03791587662412,0.002539554348923584,622.1800545083725,2327,6.578612654628557e-12,2162,8.514244864699094e-12
2000.0,1.5,2.720375850792847,-0.12674696036461636,-0.21194841547383889,-1.0253898782861129e-13,-5277.9670719680535,-0.02551297035626342,13928468.206389515,4974353.359595721,18902821.565985236,10565485886.308802,0.0017891104838330533,0.001318298879603692,1.000894155484901,576250819.1463772,557347997.5802511,-0.00014086038263440997,1.159627949220976e-12,1.2479009719339936e-12,1.1562701126137698e-15,3.1086244689504383e-15,1.0,0.0,5.755434903266838e-07,17.037915876624105,0.002542312254679601,326.5261218441342,2327,1.6061818541857065e-11,2162,4.816669285645503e-11
2000.0,2.0,2.720375850792847,-0.05588828759181265,-0.36474167091120036,-1.7645917130608267e-13,-9082.84463717324,-0.04390522767932677,41249033.351513356,968214.4700910968,42217247.82160445,10565485886.308815,0.0039957696480680815,0.0039041302780940274,1.0019958930295414,878175448.3837913,835958200.5623294,0.00014251270383833266,2.922551090023262e-12,2.0637345045016965e-12,5.138978278283422e-16,2.4424906541753444e-15,1.0,0.0,1.2884425412681948e-10,17.037915876624126,0.0025479122523002877,189.74167103744745,2330,1.7708709498798214e-11,2162,9.078027218833995e-11
2000.0,2.5,2.720375850792847,0.27684674721779395,-0.48963823838096693,-2.3688315505225267e-13,-12193.035241965143,-0.05893946332733293,74335054.205902,23612732.230499443,97947786.43640144,10565485886.308798,0.009270542546777363,0.007035649378153871,1.0046245779129521,1116918148.1512828,1018970361.7153138,0.0004324950751267661,7.597478202114871e-12,4.2181412612163235e-12,5.138978278283422e-16,2.7755575615628914e-15,1.0,0.0,2.1939386043631446e-07,17.037915876624098,0.0025612984227434453,141.34250291505026,2354,4.444472567755042e-11,2162,1.4666090564219303e-10
2000.0,3.0,2.720375850792847,0.6744423321160182,0.5987802609183457,2.896852130224933e-13,14910.904115070178,0.07207726942696134,111167530.76440838,135771123.49036723,246938654.2547756,10565485886.30882,0.023372200475395892,0.010521762270153966,1.0116186042552775,1234026379.103027,987087724.8432757,-0.0049758276121795435,3.409650339847303e-11,1.713398591035944e-11,1.5416934834850265e-15,3.1086244689504383e-15,1.0,0.0,4.087241048022587e-06,17.037915876624137,0.002597085213983288,115.57945151622067,2387,1.964973739276843e-10,2162,1.865763765707129e-09
2000.0,3.1315926535897933,2.720375850792847,-1.4531995994779088,-0.49382581770260603,-2.3890907321792016e-13,-12297.314888130242,-0.05944353686267232,75611976.72891486,547360433.5175761,622972410.246491,10565485886.308804,0.05896296838120474,0.007156507286323293,1.0290592637847467,1240201187.5006597,617228777.2489675,-0.0052013694565149916,3.228861622517343e-11,1.6144711727016418e-11,5.138978278283422e-16,2.4424906541753444e-15,1.0,0.0,3.70879508562673e-05,17.03791587662411,0.002687406464687132,140.14393669745283,2336,2.990037106798127e-10,2189,3.0204145851087105e-09
