tau,x_A,x_B,x_C,mu_A_over_T,mu_B_over_T,mu_C_over_T,conserved_charge
0.000000000000000000e+00,0.000000000000000000e+00,0.000000000000000000e+00,0.000000000000000000e+00,0.000000000000000000e+00,0.000000000000000000e+00,0.000000000000000000e+00,0.000000000000000000e+00
1.000000000000000021e-02,1.976027522724102005e-04,-9.867789309098261438e-05,-9.892485918142751838e-05,1.976027522724102005e-04,-4.933894654549130719e-05,-3.297495306047583494e-05,6.776263578034402713e-20
2.000000000000000042e-02,3.904877491862113496e-04,-1.947559245458357923e-04,-1.957318246403754217e-04,3.904877491862113496e-04,-9.737796227291789617e-05,-6.524394154679179821e-05,1.355252715606880543e-19
2.999999999999999889e-02,5.787680260737818180e-04,-2.882993954334391387e-04,-2.904686306403424624e-04,5.787680260737818180e-04,-1.441496977167195694e-04,-9.682287688011414963e-05,2.168404344971008868e-19
4.000000000000000083e-02,7.625539050661177699e-04,-3.793720023935930811e-04,-3.831819026725244177e-04,7.625539050661177699e-04,-1.896860011967965406e-04,-1.277273008908414635e-04,2.710505431213761085e-19
5.000000000000000278e-02,9.419530602786937512e-04,-4.680358766381796914e-04,-4.739171836405137888e-04,9.419530602786937512e-04,-2.340179383190898457e-04,-1.579723945468379206e-04,2.710505431213761085e-19
5.999999999999999778e-02,1.117070581430462542e-03,-5.543516220092925073e-04,-5.627189594211697097e-04,1.117070581430462542e-03,-2.771758110046462537e-04,-1.875729864737232366e-04,3.252606517456513302e-19
7.000000000000000666e-02,1.288009035933665230e-03,-6.383783521170770248e-04,-6.496306838165877718e-04,1.288009035933665230e-03,-3.191891760585385124e-04,-2.165435612721959059e-04,4.336808689942017736e-19
8.000000000000000167e-02,1.454868529491212814e-03,-7.201737265794727529e-04,-7.346948029117397359e-04,1.454868529491212814e-03,-3.600868632897363765e-04,-2.448982676372465786e-04,3.252606517456513302e-19
8.999999999999999667e-02,1.617746765237528927e-03,-7.997939863855186519e-04,-8.179527788520099497e-04,1.617746765237528927e-03,-3.998969931927593259e-04,-2.726509262840033166e-04,3.252606517456513302e-19
1.000000000000000056e-01,1.776739101457865599e-03,-8.772939884033595023e-04,-8.994451130545056631e-04,1.776739101457865599e-03,-4.386469942016797512e-04,-2.998150376848352210e-04,4.336808689942017736e-19
1.100000000000000006e-01,1.931938607920271212e-03,-9.527272390535778237e-04,-9.792113688666930632e-04,1.931938607920271212e-03,-4.763636195267889118e-04,-3.264037896222310030e-04,4.336808689942017736e-19
1.199999999999999956e-01,2.083436120853567747e-03,-1.026145927167988227e-03,-1.057290193685579086e-03,2.083436120853567747e-03,-5.130729635839941134e-04,-3.524300645618596954e-04,4.336808689942017736e-19
1.300000000000000044e-01,2.231320296603886595e-03,-1.097600956053536693e-03,-1.133719340550349251e-03,2.231320296603886595e-03,-5.488004780267683467e-04,-3.779064468501163810e-04,6.505213034913026604e-19
1.400000000000000133e-01,2.375677664001534829e-03,-1.167141974780479654e-03,-1.208535689221054525e-03,2.375677664001534829e-03,-5.835709873902398268e-04,-4.028452297403515084e-04,6.505213034913026604e-19
1.499999999999999944e-01,2.516592675469197724e-03,-1.234817408713554353e-03,-1.281775266755642937e-03,2.516592675469197724e-03,-6.174087043567771764e-04,-4.272584222518809429e-04,4.336808689942017736e-19
1.600000000000000033e-01,2.654147756901747372e-03,-1.300674489304407032e-03,-1.353473267597339689e-03,2.654147756901747372e-03,-6.503372446522035161e-04,-4.511577558657798963e-04,6.505213034913026604e-19
1.700000000000000122e-01,2.788423356347163960e-03,-1.364759283163084671e-03,-1.423664073184078638e-03,2.788423356347163960e-03,-6.823796415815423354e-04,-4.745546910613595280e-04,6.505213034913026604e-19
1.799999999999999933e-01,2.919497991517428989e-03,-1.427116720426002466e-03,-1.492381271091426089e-03,2.919497991517428989e-03,-7.135583602130012330e-04,-4.974604236971419575e-04,4.336808689942017736e-19
1.900000000000000022e-01,3.047448296157493405e-03,-1.487790622437345275e-03,-1.559657673720147479e-03,3.047448296157493405e-03,-7.438953112186726373e-04,-5.198858912400490875e-04,6.505213034913026604e-19
2.000000000000000111e-01,3.172349065299779128e-03,-1.546823728760470711e-03,-1.625525336539307766e-03,3.172349065299779128e-03,-7.734118643802353555e-04,-5.418417788464358498e-04,6.505213034913026604e-19
2.099999999999999922e-01,3.294273299431024586e-03,-1.604257723535486724e-03,-1.690015575895536994e-03,3.294273299431024586e-03,-8.021288617677433622e-04,-5.633385252985122953e-04,8.673617379884035472e-19
2.200000000000000011e-01,3.413292247597592231e-03,-1.660133261198764275e-03,-1.753158986398826872e-03,3.413292247597592231e-03,-8.300666305993821374e-04,-5.843863287996089572e-04,1.084202172485504434e-18
2.300000000000000100e-01,3.529475449474793122e-03,-1.714489991579798119e-03,-1.814985457894994136e-03,3.529475449474793122e-03,-8.572449957898990594e-04,-6.049951526316646759e-04,8.673617379884035472e-19
2.399999999999999911e-01,3.642890776425103654e-03,-1.767366584390424105e-03,-1.875524192034678682e-03,3.642890776425103654e-03,-8.836832921952120527e-04,-6.251747306782261910e-04,8.673617379884035472e-19
2.500000000000000000e-01,3.753604471569610412e-03,-1.818800753121072424e-03,-1.934803718448537338e-03,3.753604471569610412e-03,-9.094003765605362119e-04,-6.449345728161790404e-04,6.505213034913026604e-19
2.600000000000000089e-01,3.861681188896381230e-03,-1.868829278358349628e-03,-1.992851910538030735e-03,3.861681188896381230e-03,-9.344146391791748139e-04,-6.642839701793435423e-04,8.673617379884035472e-19
2.700000000000000178e-01,3.967184031428935310e-03,-1.917488030537928701e-03,-2.049696000891006176e-03,3.967184031428935310e-03,-9.587440152689643506e-04,-6.832320002970019863e-04,4.336808689942017736e-19
2.800000000000000266e-01,4.070174588477398943e-03,-1.964811992146367134e-03,-2.105362596331031375e-03,4.070174588477398943e-03,-9.824059960731835670e-04,-7.017875321103437918e-04,4.336808689942017736e-19
2.899999999999999800e-01,4.170712971994398194e-03,-2.010835279385155081e-03,-2.159877692609242679e-03,4.170712971994398194e-03,-1.005417639692577541e-03,-7.199592308697475235e-04,4.336808689942017736e-19
2.999999999999999889e-01,4.268857852057221687e-03,-2.055591163309977796e-03,-2.213266688747243024e-03,4.268857852057221687e-03,-1.027795581654988898e-03,-7.377555629157476385e-04,8.673617379884035472e-19
3.099999999999999978e-01,4.364666491497243631e-03,-2.099112090457851045e-03,-2.265554401039392152e-03,4.364666491497243631e-03,-1.049556045228925523e-03,-7.551848003464640144e-04,4.336808689942017736e-19
3.200000000000000067e-01,4.458194779697119761e-03,-2.141429702974495704e-03,-2.316765076722622756e-03,4.458194779697119761e-03,-1.070714851487247852e-03,-7.722550255742075855e-04,1.301042606982605321e-18
3.300000000000000155e-01,4.549497265575759737e-03,-2.182574858254022598e-03,-2.366922407321735405e-03,4.549497265575759737e-03,-1.091287429127011299e-03,-7.889741357739117654e-04,1.734723475976807094e-18
3.400000000000000244e-01,4.638627189780596821e-03,-2.222577648102684687e-03,-2.416049541677911267e-03,4.638627189780596821e-03,-1.111288824051342343e-03,-8.053498472259703863e-04,8.673617379884035472e-19
3.500000000000000333e-01,4.725636516106222935e-03,-2.261467417438201271e-03,-2.464169098668021231e-03,4.725636516106222935e-03,-1.130733708719100635e-03,-8.213896995560070408e-04,4.336808689942017736e-19
3.599999999999999867e-01,4.810575962157972313e-03,-2.299272782535858803e-03,-2.511303179622112209e-03,4.810575962157972313e-03,-1.149636391267929401e-03,-8.371010598740374030e-04,1.301042606982605321e-18
3.699999999999999956e-01,4.893495029278621504e-03,-2.336021648832338742e-03,-2.557473380446282328e-03,4.893495029278621504e-03,-1.168010824416169371e-03,-8.524911268154274427e-04,4.336808689942017736e-19
3.800000000000000044e-01,4.974442031755901654e-03,-2.371741228297930167e-03,-2.602700803457970620e-03,4.974442031755901654e-03,-1.185870614148965083e-03,-8.675669344859901705e-04,8.673617379884035472e-19
3.900000000000000133e-01,5.053464125328138191e-03,-2.406458056387589250e-03,-2.647006068940548074e-03,5.053464125328138191e-03,-1.203229028193794625e-03,-8.823353563135159523e-04,8.673617379884035472e-19
4.000000000000000222e-01,5.130607335004856023e-03,-2.440198008580964691e-03,-2.690409326423890465e-03,5.130607335004856023e-03,-1.220099004290482346e-03,-8.968031088079634521e-04,8.673617379884035472e-19
4.100000000000000311e-01,5.205916582218862200e-03,-2.472986316521363741e-03,-2.732930265697497592e-03,5.205916582218862200e-03,-1.236493158260681870e-03,-9.109767552324991250e-04,8.673617379884035472e-19
4.199999999999999845e-01,5.279435711325818417e-03,-2.504847583763301303e-03,-2.774588127562515813e-03,5.279435711325818417e-03,-1.252423791881650652e-03,-9.248627091875051987e-04,1.301042606982605321e-18
4.299999999999999933e-01,5.351207515467062449e-03,-2.535805801138125374e-03,-2.815401714328936208e-03,5.351207515467062449e-03,-1.267902900569062687e-03,-9.384672381096454026e-04,8.673617379884035472e-19
4.400000000000000022e-01,5.421273761810912854e-03,-2.565884361746908083e-03,-2.855389400064004338e-03,5.421273761810912854e-03,-1.282942180873454041e-03,-9.517964666880013736e-04,4.336808689942017736e-19
4.500000000000000111e-01,5.489675216187457109e-03,-2.595106075589631144e-03,-2.894569140597825097e-03,5.489675216187457109e-03,-1.297553037794815572e-03,-9.648563801992749963e-04,8.673617379884035472e-19
4.600000000000000200e-01,5.556451667131348873e-03,-2.623493183839432138e-03,-2.932958483291915434e-03,5.556451667131348873e-03,-1.311746591919716069e-03,-9.776528277639718115e-04,1.301042606982605321e-18
4.700000000000000289e-01,5.621641949346901576e-03,-2.651067372770500238e-03,-2.970574576576400470e-03,5.621641949346901576e-03,-1.325533686385250119e-03,-9.901915255254667512e-04,8.673617379884035472e-19
4.799999999999999822e-01,5.685283966609324877e-03,-2.677849787347982759e-03,-3.007434179261341250e-03,5.685283966609324877e-03,-1.338924893673991380e-03,-1.002478059753780272e-03,8.673617379884035472e-19
4.899999999999999911e-01,5.747414714115672146e-03,-2.703861044488064819e-03,-3.043553669627606460e-03,5.747414714115672146e-03,-1.351930522244032410e-03,-1.014517889875868675e-03,8.673617379884035472e-19
5.000000000000000000e-01,5.808070300298718430e-03,-2.729121245996189715e-03,-3.078949054302527848e-03,5.808070300298718430e-03,-1.364560622998094858e-03,-1.026316351434175805e-03,8.673617379884035472e-19
5.100000000000000089e-01,5.867285968116702118e-03,-2.753649991191208478e-03,-3.113635976925492339e-03,5.867285968116702118e-03,-1.376824995595604239e-03,-1.037878658975164041e-03,1.301042606982605321e-18
5.200000000000000178e-01,5.925096115831507068e-03,-2.777466389223038484e-03,-3.147629726608468150e-03,5.925096115831507068e-03,-1.388733194611519242e-03,-1.049209908869489383e-03,4.336808689942017736e-19
5.300000000000000266e-01,5.981534317287584383e-03,-2.800589071091228420e-03,-3.180945246196355530e-03,5.981534317287584383e-03,-1.400294535545614210e-03,-1.060315082065451699e-03,4.336808689942017736e-19
5.400000000000000355e-01,6.036633341703631986e-03,-2.823036201371682472e-03,-3.213597140331948647e-03,6.036633341703631986e-03,-1.411518100685841236e-03,-1.071199046777316071e-03,8.673617379884035472e-19
5.500000000000000444e-01,6.090425172988719708e-03,-2.844825489658569379e-03,-3.245599683330149463e-03,6.090425172988719708e-03,-1.422412744829284689e-03,-1.081866561110049821e-03,8.673617379884035472e-19
5.600000000000000533e-01,6.142941028594315137e-03,-2.865974201728317943e-03,-3.276966826865996326e-03,6.142941028594315137e-03,-1.432987100864158972e-03,-1.092322275621998703e-03,8.673617379884035472e-19
5.700000000000000622e-01,6.194211377913341927e-03,-2.886499170432405437e-03,-3.307712207480935623e-03,6.194211377913341927e-03,-1.443249585216202719e-03,-1.102570735826978541e-03,8.673617379884035472e-19
5.799999999999999600e-01,6.244265960237195025e-03,-2.906416806325511342e-03,-3.337849153911682382e-03,6.244265960237195025e-03,-1.453208403162755671e-03,-1.112616384637227316e-03,1.301042606982605321e-18
5.899999999999999689e-01,6.293133802281285043e-03,-2.925743108035406756e-03,-3.367390694245877419e-03,6.293133802281285043e-03,-1.462871554017703378e-03,-1.122463564748625662e-03,8.673617379884035472e-19
5.999999999999999778e-01,6.340843235289540976e-03,-2.944493672380846597e-03,-3.396349562908693078e-03,6.340843235289540976e-03,-1.472246836190423298e-03,-1.132116520969564215e-03,1.301042606982605321e-18
6.099999999999999867e-01,6.387421911727937836e-03,-2.962683704243543933e-03,-3.424738207484393036e-03,6.387421911727937836e-03,-1.481341852121771966e-03,-1.141579402494797679e-03,8.673617379884035472e-19
6.199999999999999956e-01,6.432896821576986578e-03,-2.980328026200183486e-03,-3.452568795376802224e-03,6.432896821576986578e-03,-1.490164013100091743e-03,-1.150856265125600741e-03,8.673617379884035472e-19
6.300000000000000044e-01,6.477294308232756787e-03,-2.997441087920256573e-03,-3.479853220312499346e-03,6.477294308232756787e-03,-1.498720543960128286e-03,-1.159951073437499782e-03,8.673617379884035472e-19
6.400000000000000133e-01,6.520640084025914988e-03,-3.014036975335410845e-03,-3.506603108690503710e-03,6.520640084025914988e-03,-1.507018487667705423e-03,-1.168867702896834570e-03,4.336808689942017736e-19
6.500000000000000222e-01,6.562959245367893692e-03,-3.030129419585800895e-03,-3.532829825782092363e-03,6.562959245367893692e-03,-1.515064709792900447e-03,-1.177609941927364049e-03,4.336808689942017736e-19
6.600000000000000311e-01,6.604276287533201312e-03,-3.045731805748871576e-03,-3.558544481784328434e-03,6.604276287533201312e-03,-1.522865902874435788e-03,-1.186181493928109478e-03,1.301042606982605321e-18
6.700000000000000400e-01,6.644615119086593434e-03,-3.060857181355811172e-03,-3.583757937730781395e-03,6.644615119086593434e-03,-1.530428590677905586e-03,-1.194585979243593726e-03,8.673617379884035472e-19
6.800000000000000488e-01,6.683999075963657603e-03,-3.075518264700816996e-03,-3.608480811262839739e-03,6.683999075963657603e-03,-1.537759132350408498e-03,-1.202826937087613174e-03,8.673617379884035472e-19
6.900000000000000577e-01,6.722450935213124430e-03,-3.089727452948189384e-03,-3.632723482264934179e-03,6.722450935213124430e-03,-1.544863726474094692e-03,-1.210907827421644654e-03,8.673617379884035472e-19
7.000000000000000666e-01,6.759992928409046080e-03,-3.103496830042134710e-03,-3.656496098366910502e-03,6.759992928409046080e-03,-1.551748415021067355e-03,-1.218832032788970095e-03,8.673617379884035472e-19
7.099999999999999645e-01,6.796646754740789768e-03,-3.116838174424068318e-03,-3.679808580316720583e-03,6.796646754740789768e-03,-1.558419087212034159e-03,-1.226602860105573383e-03,8.673617379884035472e-19
7.199999999999999734e-01,6.832433593788552785e-03,-3.129762966562048190e-03,-3.702670627226504162e-03,6.832433593788552785e-03,-1.564881483281024095e-03,-1.234223542408834648e-03,4.336808689942017736e-19
7.299999999999999822e-01,6.867374117992008399e-03,-3.142282396296914703e-03,-3.725091721695093262e-03,6.867374117992008399e-03,-1.571141198148457352e-03,-1.241697240565030943e-03,4.336808689942017736e-19
7.399999999999999911e-01,6.901488504819405789e-03,-3.154407370009546137e-03,-3.747081134809859219e-03,6.901488504819405789e-03,-1.577203685004773068e-03,-1.249027044936619740e-03,4.336808689942017736e-19
7.500000000000000000e-01,6.934796448644369067e-03,-3.166148517613576706e-03,-3.768647931030791494e-03,6.934796448644369067e-03,-1.583074258806788353e-03,-1.256215977010263687e-03,8.673617379884035472e-19
7.600000000000000089e-01,6.967317172337388932e-03,-3.177516199377795111e-03,-3.789800972959593388e-03,6.967317172337388932e-03,-1.588758099688897555e-03,-1.263266990986530985e-03,4.336808689942017736e-19
7.700000000000000178e-01,6.999069438578888608e-03,-3.188520512582341399e-03,-3.810548925996546776e-03,6.999069438578888608e-03,-1.594260256291170699e-03,-1.270182975332182114e-03,4.336808689942017736e-19
7.800000000000000266e-01,7.030071560900520190e-03,-3.199171298012727128e-03,-3.830900262887792194e-03,7.030071560900520190e-03,-1.599585649006363564e-03,-1.276966754295930659e-03,8.673617379884035472e-19
7.900000000000000355e-01,7.060341414461274688e-03,-3.209478146295619266e-03,-3.850863268165654989e-03,7.060341414461274688e-03,-1.604739073147809633e-03,-1.283621089388551663e-03,4.336808689942017736e-19
8.000000000000000444e-01,7.089896446564735756e-03,-3.219450404080190752e-03,-3.870446042484544571e-03,7.089896446564735756e-03,-1.609725202040095376e-03,-1.290148680828181451e-03,4.336808689942017736e-19
8.100000000000000533e-01,7.118753686923707386e-03,-3.229097180068800366e-03,-3.889656506854907020e-03,7.118753686923707386e-03,-1.614548590034400183e-03,-1.296552168951635529e-03,0.000000000000000000e+00
8.200000000000000622e-01,7.146929757678315703e-03,-3.238427350900643497e-03,-3.908502406777671773e-03,7.146929757678315703e-03,-1.619213675450321748e-03,-1.302834135592557258e-03,0.000000000000000000e+00
8.300000000000000711e-01,7.174440883173464727e-03,-3.247449566891929575e-03,-3.926991316281534285e-03,7.174440883173464727e-03,-1.623724783445964787e-03,-1.308997105427177950e-03,8.673617379884035472e-19
8.399999999999999689e-01,7.201302899501460866e-03,-3.256172257636059508e-03,-3.945130641865400925e-03,7.201302899501460866e-03,-1.628086128818029754e-03,-1.315043547288466830e-03,0.000000000000000000e+00
8.499999999999999778e-01,7.227531263815457040e-03,-3.264603637467211432e-03,-3.962927626348245608e-03,7.227531263815457040e-03,-1.632301818733605716e-03,-1.320975875449415058e-03,0.000000000000000000e+00
8.599999999999999867e-01,7.253141063419173834e-03,-3.272751710790609489e-03,-3.980389352628564345e-03,7.253141063419173834e-03,-1.636375855395304744e-03,-1.326796450876188043e-03,0.000000000000000000e+00
8.699999999999999956e-01,7.278147024638347354e-03,-3.280624277282749492e-03,-3.997522747355597428e-03,7.278147024638347354e-03,-1.640312138641374746e-03,-1.332507582451865737e-03,0.000000000000000000e+00
8.800000000000000044e-01,7.302563521479084503e-03,-3.288228936964687071e-03,-4.014334584514397432e-03,7.302563521479084503e-03,-1.644114468482343536e-03,-1.338111528171465666e-03,0.000000000000000000e+00
8.900000000000000133e-01,7.326404584078292578e-03,-3.295573095151497784e-03,-4.030831488926795228e-03,7.326404584078292578e-03,-1.647786547575748892e-03,-1.343610496308931743e-03,0.000000000000000000e+00
9.000000000000000222e-01,7.349683906951147080e-03,-3.302663967280890754e-03,-4.047019939670256326e-03,7.349683906951147080e-03,-1.651331983640445377e-03,-1.349006646556751964e-03,0.000000000000000000e+00
9.100000000000000311e-01,7.372414857040496608e-03,-3.309508583623909685e-03,-4.062906273416586923e-03,7.372414857040496608e-03,-1.654754291811954842e-03,-1.354302091138862236e-03,0.000000000000000000e+00
9.200000000000000400e-01,7.394610481572956237e-03,-3.316113793880580939e-03,-4.078496687692375298e-03,7.394610481572956237e-03,-1.658056896940290469e-03,-1.359498895897458433e-03,0.000000000000000000e+00
9.300000000000000488e-01,7.416283515726342784e-03,-3.322486271663295954e-03,-4.093797244063047264e-03,7.416283515726342784e-03,-1.661243135831647977e-03,-1.364599081354349016e-03,0.000000000000000000e+00
9.400000000000000577e-01,7.437446390112969173e-03,-3.328632518870646307e-03,-4.108813871242323300e-03,7.437446390112969173e-03,-1.664316259435323153e-03,-1.369604623747441028e-03,-8.673617379884035472e-19
9.500000000000000666e-01,7.458111238083237927e-03,-3.334558869954369013e-03,-4.123552368128869348e-03,7.458111238083237927e-03,-1.667279434977184506e-03,-1.374517456042956449e-03,-8.673617379884035472e-19
9.599999999999999645e-01,7.478289902853850653e-03,-3.340271496081996354e-03,-4.138018406771854299e-03,7.478289902853850653e-03,-1.670135748040998177e-03,-1.379339468923951361e-03,0.000000000000000000e+00
9.699999999999999734e-01,7.497993944464839342e-03,-3.345776409197732948e-03,-4.152217535267106394e-03,7.497993944464839342e-03,-1.672888204598866474e-03,-1.384072511755702131e-03,0.000000000000000000e+00
9.799999999999999822e-01,7.517234646569549879e-03,-3.351079465984038979e-03,-4.166155180585510466e-03,7.517234646569549879e-03,-1.675539732992019490e-03,-1.388718393528503344e-03,8.673617379884035472e-19
9.899999999999999911e-01,7.536023023061559807e-03,-3.356186371726307439e-03,-4.179836651335252368e-03,7.536023023061559807e-03,-1.678093185863153720e-03,-1.393278883778417384e-03,0.000000000000000000e+00
1.000000000000000000e+00,7.554369824542495060e-03,-3.361102684083008482e-03,-4.193267140459486578e-03,7.554369824542495060e-03,-1.680551342041504241e-03,-1.397755713486495454e-03,0.000000000000000000e+00
1.010000000000000009e+00,7.177080040089702136e-03,-3.168478030581614677e-03,-4.008602009508085290e-03,7.177080040089702136e-03,-1.584239015290807339e-03,-1.336200669836028285e-03,1.734723475976807094e-18
1.020000000000000018e+00,6.808804927768872910e-03,-2.980873194024641609e-03,-3.827931733744229566e-03,6.808804927768872910e-03,-1.490436597012320804e-03,-1.275977244581409783e-03,1.734723475976807094e-18
1.030000000000000027e+00,6.449328414913375190e-03,-2.798162708761512893e-03,-3.651165706151860563e-03,6.449328414913375190e-03,-1.399081354380756446e-03,-1.217055235383953521e-03,1.734723475976807094e-18
1.040000000000000036e+00,6.098439616322454647e-03,-2.620224184553065962e-03,-3.478215431769386516e-03,6.098439616322454647e-03,-1.310112092276532981e-03,-1.159405143923128694e-03,2.168404344971008868e-18
1.050000000000000044e+00,5.755932709617233960e-03,-2.446938231899965007e-03,-3.308994477717267218e-03,5.755932709617233960e-03,-1.223469115949982504e-03,-1.102998159239088928e-03,1.734723475976807094e-18
1.060000000000000053e+00,5.421606813592914215e-03,-2.278188389175584121e-03,-3.143418424417328359e-03,5.421606813592914215e-03,-1.139094194587792061e-03,-1.047806141472442786e-03,1.734723475976807094e-18
1.070000000000000062e+00,5.095265869495154559e-03,-2.113861051519873302e-03,-2.981404817975279523e-03,5.095265869495154559e-03,-1.056930525759936651e-03,-9.938016059917596963e-04,1.734723475976807094e-18
1.080000000000000071e+00,4.776718525150297490e-03,-1.953845401451732161e-03,-2.822873123698563594e-03,4.776718525150297490e-03,-9.769227007258660805e-04,-9.409577078995211979e-04,1.734723475976807094e-18
1.090000000000000080e+00,4.465778021880853141e-03,-1.798033341158479384e-03,-2.667744680722373106e-03,4.465778021880853141e-03,-8.990166705792396922e-04,-8.892482269074577020e-04,8.673617379884035472e-19
1.100000000000000089e+00,4.162262084139255365e-03,-1.646319426421963533e-03,-2.515942657717290531e-03,4.162262084139255365e-03,-8.231597132109817663e-04,-8.386475525724301772e-04,1.301042606982605321e-18
1.110000000000000098e+00,3.865992811794531723e-03,-1.498600802141869092e-03,-2.367392009652661330e-03,3.865992811794531723e-03,-7.493004010709345460e-04,-7.891306698842204433e-04,1.301042606982605321e-18
1.120000000000000107e+00,3.576796575008131095e-03,-1.354777139417701493e-03,-2.222019435590429168e-03,3.576796575008131095e-03,-6.773885697088507466e-04,-7.406731451968097228e-04,4.336808689942017736e-19
1.130000000000000115e+00,3.294503911636622370e-03,-1.214750574151863974e-03,-2.079753337484757745e-03,3.294503911636622370e-03,-6.073752870759319871e-04,-6.932511124949191760e-04,4.336808689942017736e-19
1.140000000000000124e+00,3.018949427100540202e-03,-1.078425647137159875e-03,-1.940523779963379894e-03,3.018949427100540202e-03,-5.392128235685799374e-04,-6.468412599877932257e-04,4.336808689942017736e-19
1.150000000000000133e+00,2.749971696660059427e-03,-9.457092455929049348e-04,-1.804262451067154167e-03,2.749971696660059427e-03,-4.728546227964524674e-04,-6.014208170223847225e-04,4.336808689942017736e-19
1.159999999999999920e+00,2.487413170039667193e-03,-8.165105461147452231e-04,-1.670902623924921645e-03,2.487413170039667193e-03,-4.082552730573726116e-04,-5.569675413083072148e-04,2.168404344971008868e-19
1.169999999999999929e+00,2.231120078345296461e-03,-6.907409590040515350e-04,-1.540379119341244276e-03,2.231120078345296461e-03,-3.453704795020257675e-04,-5.134597064470813529e-04,6.505213034913026604e-19
1.179999999999999938e+00,1.980942343218888933e-03,-5.683140739436629268e-04,-1.412628269275225789e-03,1.980942343218888933e-03,-2.841570369718314634e-04,-4.708760897584085602e-04,2.168404344971008868e-19
1.189999999999999947e+00,1.736733488176516642e-03,-4.491456069874726780e-04,-1.287587881189043802e-03,1.736733488176516642e-03,-2.245728034937363390e-04,-4.291959603963478977e-04,2.168404344971008868e-19
1.199999999999999956e+00,1.498350552077598553e-03,-3.331533488321870265e-04,-1.165197203245411364e-03,1.498350552077598553e-03,-1.665766744160935133e-04,-3.883990677484704546e-04,2.168404344971008868e-19
1.209999999999999964e+00,1.265654004673975571e-03,-2.202571143403284266e-04,-1.045396890333647171e-03,1.265654004673975571e-03,-1.101285571701642133e-04,-3.484656301112157057e-04,0.000000000000000000e+00
1.219999999999999973e+00,1.038507664188846645e-03,-1.103786932843113538e-04,-9.281289709045354407e-04,1.038507664188846645e-03,-5.518934664215567691e-05,-3.093763236348451469e-04,-1.084202172485504434e-19
1.229999999999999982e+00,8.167786168767291605e-04,-3.441802282117835665e-06,-8.133368145946112812e-04,8.167786168767291605e-04,-1.720901141058917833e-06,-2.711122715315370576e-04,0.000000000000000000e+00
1.239999999999999991e+00,6.003371385168658871e-04,1.006279621041423914e-04,-7.009651006210083869e-04,6.003371385168658871e-04,5.031398105207119569e-05,-2.336550335403361290e-04,-1.084202172485504434e-19
1.250000000000000000e+00,3.890566177935504038e-04,2.019031691348662362e-04,-5.909597869284169110e-04,3.890566177935504038e-04,1.009515845674331181e-04,-1.969865956428056280e-04,-3.252606517456513302e-19
1.260000000000000009e+00,1.828134815180321117e-04,3.004545985521396220e-04,-4.832680800701720319e-04,1.828134815180321117e-04,1.502272992760698110e-04,-1.610893600233906592e-04,-2.710505431213761085e-19
1.270000000000000018e+00,-1.851287835228823648e-05,3.963512841581999274e-04,-3.778384058059120637e-04,-1.851287835228823648e-05,1.981756420790999637e-04,-1.259461352686373455e-04,-3.794707603699265519e-19
1.280000000000000027e+00,-2.150401759405668584e-04,4.896605563392357995e-04,-2.746203803986693205e-04,-2.150401759405668584e-04,2.448302781696178997e-04,-9.154012679955643114e-05,-3.794707603699265519e-19
1.290000000000000036e+00,-4.068833009653203474e-04,5.804480835599848962e-04,-1.735647825946649554e-04,-4.068833009653203474e-04,2.902240417799924481e-04,-5.785492753155498514e-05,-4.065758146820641628e-19
1.300000000000000044e+00,-5.941543865844693554e-04,6.687779128539504811e-04,-7.462352626948155938e-05,-5.941543865844693554e-04,3.343889564269752405e-04,-2.487450875649385200e-05,-4.336808689942017736e-19
1.310000000000000053e+00,-7.769628756087819518e-04,7.547125093334692203e-04,2.225036627531227752e-05,-7.769628756087819518e-04,3.773562546667346101e-04,7.416788758437425559e-06,-4.540096597283049817e-19
1.320000000000000062e+00,-9.554155851239421772e-04,8.383127947432898611e-04,1.171027903806517333e-04,-9.554155851239421772e-04,4.191563973716449306e-04,3.903426346021724445e-05,-5.827586677109586333e-19
1.330000000000000071e+00,-1.129616769559478161e-03,9.196381850807319562e-04,2.099785844787455276e-04,-1.129616769559478161e-03,4.598190925403659781e-04,6.999286149291517587e-05,-6.776263578034402713e-19
1.340000000000000080e+00,-1.299668182241908113e-03,9.987466273049584210e-04,3.009215549369489333e-04,-1.299668182241908113e-03,4.993733136524792105e-04,1.003071849789829778e-04,-7.589415207398531038e-19
1.350000000000000089e+00,-1.465669135468527628e-03,1.075694635157331547e-03,3.899745003111954305e-04,-1.465669135468527628e-03,5.378473175786657734e-04,1.299915001037317921e-04,-6.505213034913026604e-19
1.360000000000000098e+00,-1.627716559137423183e-03,1.150537324114317287e-03,4.771792350231051369e-04,-1.627716559137423183e-03,5.752686620571586433e-04,1.590597450077017123e-04,-7.589415207398531038e-19
1.370000000000000107e+00,-1.785905057968401521e-03,1.223328445493861941e-03,5.625766124745389292e-04,-1.785905057968401521e-03,6.116642227469309707e-04,1.875255374915129583e-04,-6.505213034913026604e-19
1.380000000000000115e+00,-1.940326967348726976e-03,1.294120419735679322e-03,6.462065476130470030e-04,-1.940326967348726976e-03,6.470602098678396611e-04,2.154021825376823253e-04,-6.505213034913026604e-19
1.390000000000000124e+00,-2.091072407836721669e-03,1.362964368875384377e-03,7.281080389613364245e-04,-2.091072407836721669e-03,6.814821844376921884e-04,2.427026796537788082e-04,-8.673617379884035472e-19
1.400000000000000133e+00,-2.238229338355482087e-03,1.429910148231926248e-03,8.083191901235552970e-04,-2.238229338355482087e-03,7.149550741159631240e-04,2.694397300411850629e-04,-5.421010862427522170e-19
1.409999999999999920e+00,-2.381883608108231309e-03,1.495006377327321627e-03,8.868772307809088141e-04,-2.381883608108231309e-03,7.475031886636608136e-04,2.956257435936362533e-04,-8.673617379884035472e-19
1.419999999999999929e+00,-2.522119007246017338e-03,1.558300470057213732e-03,9.638185371888027386e-04,-2.522119007246017338e-03,7.791502350286068660e-04,3.212728457296008767e-04,-8.673617379884035472e-19
1.429999999999999938e+00,-2.659017316317731621e-03,1.619838664130325350e-03,1.039178652187404970e-03,-2.659017316317731621e-03,8.099193320651626752e-04,3.463928840624683051e-04,-1.301042606982605321e-18
1.439999999999999947e+00,-2.792658354531785819e-03,1.679666049794498401e-03,1.112992304737286118e-03,-2.792658354531785819e-03,8.398330248972492003e-04,3.709974349124286878e-04,-1.301042606982605321e-18
1.449999999999999956e+00,-2.923120026857948563e-03,1.737826597866495718e-03,1.185293428991451761e-03,-2.923120026857948563e-03,8.689132989332478589e-04,3.950978096638172355e-04,-1.084202172485504434e-18
1.459999999999999964e+00,-3.050478369997249983e-03,1.794363187082402729e-03,1.256115182914846386e-03,-3.050478369997249983e-03,8.971815935412013644e-04,4.187050609716154621e-04,-8.673617379884035472e-19
1.469999999999999973e+00,-3.174807597247186145e-03,1.849317630785032775e-03,1.325489966462152286e-03,-3.174807597247186145e-03,9.246588153925163877e-04,4.418299888207173924e-04,-1.084202172485504434e-18
1.479999999999999982e+00,-3.296180142288739501e-03,1.902730702964330889e-03,1.393449439324407528e-03,-3.296180142288739501e-03,9.513653514821654444e-04,4.644831464414691581e-04,-1.084202172485504434e-18
1.489999999999999991e+00,-3.414666701921169854e-03,1.954642163666408042e-03,1.460024538254760728e-03,-3.414666701921169854e-03,9.773210818332040209e-04,4.866748460849202066e-04,-1.084202172485504434e-18
1.500000000000000000e+00,-3.530336277769843389e-03,2.005090783786449542e-03,1.525245493983392762e-03,-3.530336277769843389e-03,1.002545391893224771e-03,5.084151646611308846e-04,-1.084202172485504434e-18
1.510000000000000009e+00,-3.643256216991817842e-03,2.054114369260384102e-03,1.589141847731432439e-03,-3.643256216991817842e-03,1.027057184630192051e-03,5.297139492438107406e-04,-1.301042606982605321e-18
1.520000000000000018e+00,-3.753492252003247896e-03,2.101749784669823887e-03,1.651742467333423142e-03,-3.753492252003247896e-03,1.050874892334911943e-03,5.505808224444743446e-04,-8.673617379884035472e-19
1.530000000000000027e+00,-3.861108539252143621e-03,2.148032976274447808e-03,1.713075562977694945e-03,-3.861108539252143621e-03,1.074016488137223904e-03,5.710251876592316485e-04,-8.673617379884035472e-19
1.540000000000000036e+00,-3.966167697059420211e-03,2.192998994485664647e-03,1.773168702573754696e-03,-3.966167697059420211e-03,1.096499497242832324e-03,5.910562341912515292e-04,-8.673617379884035472e-19
1.550000000000000044e+00,-4.068730842550652080e-03,2.236682015795046080e-03,1.832048826755604915e-03,-4.068730842550652080e-03,1.118341007897523040e-03,6.106829422518683052e-04,-1.084202172485504434e-18
1.560000000000000053e+00,-4.168857627700364547e-03,2.279115364170694862e-03,1.889742263529668818e-03,-4.168857627700364547e-03,1.139557682085347431e-03,6.299140878432229031e-04,-8.673617379884035472e-19
1.570000000000000062e+00,-4.266606274510220155e-03,2.320331531934410711e-03,1.946274742575808143e-03,-4.266606274510220155e-03,1.160165765967205356e-03,6.487582475252693087e-04,-1.301042606982605321e-18
1.580000000000000071e+00,-4.362033609341920207e-03,2.360362200132202007e-03,2.001671409209716899e-03,-4.362033609341920207e-03,1.180181100066101003e-03,6.672238030699055968e-04,-1.301042606982605321e-18
1.590000000000000080e+00,-4.455195096425106950e-03,2.399238258410356199e-03,2.055956838014749450e-03,-4.455195096425106950e-03,1.199619129205178100e-03,6.853189460049164110e-04,-1.301042606982605321e-18
1.600000000000000089e+00,-4.546144870560152838e-03,2.436989824409052825e-03,2.109155046151098712e-03,-4.546144870560152838e-03,1.218494912204526413e-03,7.030516820503661651e-04,-1.301042606982605321e-18
1.610000000000000098e+00,-4.634935769035132200e-03,2.473646262685146556e-03,2.161289506349984343e-03,-4.634935769035132200e-03,1.236823131342573278e-03,7.204298354499947448e-04,-1.301042606982605321e-18
1.620000000000000107e+00,-4.721619362775917629e-03,2.509236203175513498e-03,2.212383159600403264e-03,-4.721619362775917629e-03,1.254618101587756749e-03,7.374610532001344212e-04,-8.673617379884035472e-19
1.630000000000000115e+00,-4.806245986747794373e-03,2.543787559212056047e-03,2.262458427535736592e-03,-4.806245986747794373e-03,1.271893779606028023e-03,7.541528091785788639e-04,-1.734723475976807094e-18
1.640000000000000124e+00,-4.888864769626614752e-03,2.577327545099210044e-03,2.311537224527403407e-03,-4.888864769626614752e-03,1.288663772549605022e-03,7.705124081758010996e-04,-1.301042606982605321e-18
1.650000000000000133e+00,-4.969523662757019400e-03,2.609882693264507000e-03,2.359640969492511099e-03,-4.969523662757019400e-03,1.304941346632253500e-03,7.865469898308370331e-04,-1.301042606982605321e-18
1.660000000000000142e+00,-5.048269468414906883e-03,2.641478870992542034e-03,2.406790597422363981e-03,-5.048269468414906883e-03,1.320739435496271017e-03,8.022635324741213270e-04,-8.673617379884035472e-19
1.669999999999999929e+00,-5.125147867390825868e-03,2.672141296752387259e-03,2.453006570638437307e-03,-5.125147867390825868e-03,1.336070648376193630e-03,8.176688568794790663e-04,-1.301042606982605321e-18
1.679999999999999938e+00,-5.200203445910654351e-03,2.701894556128297317e-03,2.498308889782356167e-03,-5.200203445910654351e-03,1.350947278064148658e-03,8.327696299274520196e-04,-8.673617379884035472e-19
1.689999999999999947e+00,-5.273479721909472492e-03,2.730762617363286220e-03,2.542717104546184537e-03,-5.273479721909472492e-03,1.365381308681643110e-03,8.475723681820614402e-04,-1.734723475976807094e-18
1.699999999999999956e+00,-5.345019170674177381e-03,2.758768846524942576e-03,2.586250324149233937e-03,-5.345019170674177381e-03,1.379384423262471288e-03,8.620834413830779069e-04,-8.673617379884035472e-19
1.709999999999999964e+00,-5.414863249870034180e-03,2.785936022302608686e-03,2.628927227567424627e-03,-5.414863249870034180e-03,1.392968011151304343e-03,8.763090758558082088e-04,-8.673617379884035472e-19
1.719999999999999973e+00,-5.483052423965940891e-03,2.812286350444843496e-03,2.670766073521095661e-03,-5.483052423965940891e-03,1.406143175222421748e-03,8.902553578403651479e-04,-1.734723475976807094e-18
1.729999999999999982e+00,-5.549626188072884735e-03,2.837841477845864675e-03,2.711784710227018325e-03,-5.549626188072884735e-03,1.418920738922932337e-03,9.039282367423394056e-04,-1.734723475976807094e-18
1.739999999999999991e+00,-5.614623091209683912e-03,2.862622506289456536e-03,2.752000584920225642e-03,-5.614623091209683912e-03,1.431311253144728268e-03,9.173335283067418806e-04,-1.734723475976807094e-18
1.750000000000000000e+00,-5.678080759009779786e-03,2.886650005858627972e-03,2.791430753151150513e-03,-5.678080759009779786e-03,1.443325002929313986e-03,9.304769177170500987e-04,-1.301042606982605321e-18
1.760000000000000009e+00,-5.740035915882520969e-03,2.909944028019108980e-03,2.830091887863411121e-03,-5.740035915882520969e-03,1.454972014009554490e-03,9.433639626211370042e-04,-8.673617379884035472e-19
1.770000000000000018e+00,-5.800524406642051239e-03,2.932524118384569663e-03,2.868000288257480275e-03,-5.800524406642051239e-03,1.466262059192284832e-03,9.560000960858267222e-04,-1.301042606982605321e-18
1.780000000000000027e+00,-5.859581217616579261e-03,2.954409329171258248e-03,2.905171888445319713e-03,-5.859581217616579261e-03,1.477204664585629124e-03,9.683906294817732014e-04,-1.301042606982605321e-18
1.790000000000000036e+00,-5.917240497250555661e-03,2.975618231349581172e-03,2.941622265900973622e-03,-5.917240497250555661e-03,1.487809115674790586e-03,9.805407553003244684e-04,-8.673617379884035472e-19
1.800000000000000044e+00,-5.973535576211911821e-03,2.996168926499943614e-03,2.977366649711967340e-03,-5.973535576211911821e-03,1.498084463249971807e-03,9.924555499039890410e-04,-8.673617379884035472e-19
1.810000000000000053e+00,-6.028498987016266651e-03,3.016079058380014867e-03,3.012419928636250049e-03,-6.028498987016266651e-03,1.508039529190007434e-03,1.004139976212083205e-03,-1.734723475976807094e-18
1.820000000000000062e+00,-6.082162483179729198e-03,3.035365824210403858e-03,3.046796658969324473e-03,-6.082162483179729198e-03,1.517682912105201929e-03,1.015598886323108158e-03,-8.673617379884035472e-19
1.830000000000000071e+00,-6.134557057911604015e-03,3.054045985685544494e-03,3.080511072226058654e-03,-6.134557057911604015e-03,1.527022992842772247e-03,1.026837024075352885e-03,-8.673617379884035472e-19
1.840000000000000080e+00,-6.185712962358050349e-03,3.072135879716446534e-03,3.113577082641602947e-03,-6.185712962358050349e-03,1.536067939858223267e-03,1.037859027547200982e-03,-8.673617379884035472e-19
1.850000000000000089e+00,-6.235659723407544971e-03,3.089651428911821540e-03,3.146008294495722564e-03,-6.235659723407544971e-03,1.544825714455910770e-03,1.048669431498574188e-03,-8.673617379884035472e-19
1.860000000000000098e+00,-6.284426161068585627e-03,3.106608151803871409e-03,3.177818009264713351e-03,-6.284426161068585627e-03,1.553304075901935704e-03,1.059272669754904306e-03,-8.673617379884035472e-19
1.870000000000000107e+00,-6.332040405430020003e-03,3.123021172824971044e-03,3.209019232605048091e-03,-6.332040405430020003e-03,1.561510586412485522e-03,1.069673077535015886e-03,-8.673617379884035472e-19
1.880000000000000115e+00,-6.378529913213944538e-03,3.138905232041232143e-03,3.239624681172711528e-03,-6.378529913213944538e-03,1.569452616020616071e-03,1.079874893724237176e-03,-8.673617379884035472e-19
1.890000000000000124e+00,-6.423921483931029769e-03,3.154274694648867387e-03,3.269646789282161514e-03,-6.423921483931029769e-03,1.577137347324433694e-03,1.089882263094053838e-03,-8.673617379884035472e-19
1.900000000000000133e+00,-6.468241275647779349e-03,3.169143560239069245e-03,3.299097715408708803e-03,-6.468241275647779349e-03,1.584571780119534623e-03,1.099699238469569601e-03,-1.301042606982605321e-18
1.910000000000000142e+00,-6.511514820375073793e-03,3.183525471837025164e-03,3.327989348538047763e-03,-6.511514820375073793e-03,1.591762735918512582e-03,1.109329782846015921e-03,-8.673617379884035472e-19
1.919999999999999929e+00,-6.553767039087113160e-03,3.197433724720543085e-03,3.356333314366569641e-03,-6.553767039087113160e-03,1.598716862360271542e-03,1.118777771455523214e-03,-4.336808689942017736e-19
1.929999999999999938e+00,-6.595022256379613583e-03,3.210881275023606384e-03,3.384140981356005898e-03,-6.595022256379613583e-03,1.605440637511803192e-03,1.128046993785335227e-03,-1.301042606982605321e-18
1.939999999999999947e+00,-6.635304214775926933e-03,3.223880748130077134e-03,3.411423466645848931e-03,-6.635304214775926933e-03,1.611940374065038567e-03,1.137141155548616238e-03,-8.673617379884035472e-19
1.949999999999999956e+00,-6.674636088689584607e-03,3.236444446862634348e-03,3.438191641826948957e-03,-6.674636088689584607e-03,1.618222223431317174e-03,1.146063880608982986e-03,-1.301042606982605321e-18
1.959999999999999964e+00,-6.713040498051475041e-03,3.248584359471900704e-03,3.464456138579573904e-03,-6.713040498051475041e-03,1.624292179735950352e-03,1.154818712859857896e-03,-4.336808689942017736e-19
1.969999999999999973e+00,-6.750539521609747427e-03,3.260312167430598485e-03,3.490227354179148509e-03,-6.750539521609747427e-03,1.630156083715299242e-03,1.163409118059716097e-03,-4.336808689942017736e-19
1.979999999999999982e+00,-6.787154709910290379e-03,3.271639253037464043e-03,3.515515456872825469e-03,-6.787154709910290379e-03,1.635819626518732021e-03,1.171838485624275084e-03,-8.673617379884035472e-19
1.989999999999999991e+00,-6.822907097965458245e-03,3.282576706835519092e-03,3.540330391129937852e-03,-6.822907097965458245e-03,1.641288353417759546e-03,1.180110130376645951e-03,-1.301042606982605321e-18
2.000000000000000000e+00,-6.857817217618563353e-03,3.293135334849213881e-03,3.564681882769349039e-03,-6.857817217618563353e-03,1.646567667424606940e-03,1.188227294256449535e-03,-4.336808689942017736e-19
