site,primitive_k_j,kernel_check_kj_minus_3_kjplus1,zero_mode_theta_weight_3_minus_j
0,205891132094649,0,1
1,68630377364883,0,0.333333333333
2,22876792454961,0,0.111111111111
3,7625597484987,0,0.037037037037
4,2541865828329,0,0.0123456790123
5,847288609443,0,0.00411522633745
6,282429536481,0,0.00137174211248
7,94143178827,0,0.000457247370828
8,31381059609,0,0.000152415790276
9,10460353203,0,5.08052634253e-05
10,3486784401,0,1.69350878084e-05
11,1162261467,0,5.645029269477e-06
12,387420489,0,1.881676423159e-06
13,129140163,0,6.272254743863e-07
14,43046721,0,2.090751581288e-07
15,14348907,0,6.969171937626e-08
16,4782969,0,2.323057312542e-08
17,1594323,0,7.743524375140e-09
18,531441,0,2.581174791713e-09
19,177147,0,8.603915972377e-10
20,59049,0,2.867971990792e-10
21,19683,0,9.559906635975e-11
22,6561,0,3.186635545325e-11
23,2187,0,1.062211848442e-11
24,729,0,3.540706161472e-12
25,243,0,1.180235387157e-12
26,81,0,3.934117957191e-13
27,27,0,1.311372652397e-13
28,9,0,4.371242174657e-14
29,3,0,1.457080724886e-14
30,1,,4.856935749619e-15
