filename,bytes,sha256
v1.23_ONE_PAGE.md,2157,a50626db3c9c2f43dd9c9e35706133fed6268b6ce7b48ec93d4b8a51f894fdc3
v1.23_README.md,761,8d1f3d652d846b51a4682d5ee08717b14a436fc6d7b2e170bec20a8a4d506ae3
v1.23_WE_DWSB_energy.csv,1077,cc9970037535fbff15dab1e279e58e0cb418ba7d85edbe2df066cced83f39709
v1.23_WE_DWSB_site_map.csv,463,386cb87bbe1f4f82894723b299f10e621b6e9cf500e760a4b786522e01fc6691
v1.23_baryogenesis_energy_gate.png,114372,1c9cc500cae265fa3e7022f2ce3c137abb514efb18ec22258872a582627cff77
v1.23_branch_decision.csv,674,214c8e8c614ef640686c6c3984103a8cad5aa0edffb7ffaf90399461fac9a06b
v1.23_domain_walls.csv,597,58cda7e056aae90b46ec35b4a9fee7374ac288173b313daf9f85b10f5e51d622
v1.23_gates.csv,2901,f8d4f49766627480d2b6d07b72395733ea22bc96ca3dcb655de27111c724a1b5
v1.23_gauge_kernel.csv,1045,f9aaed6dedce543865625672eaf9cdbdc732a3cca2811adaa79966b00133653b
v1.23_harmonic_action_gates.csv,534,d8a9a62fd493b5a12c00f05891aefec023b8b3c9177c03221526f5a9b324dabd
v1.23_instanton_action_scan.csv,715,5045dfe828890c526934888a67935712c058beeffb82874e34de6993ca3de683
v1.23_misalignment.csv,626,d01f8e45bfef0e5a2be5e0f9918fc0084a7e2283a12a2a4faabae7301b318c89
v1.23_misalignment_constraint.png,84858,eaf1ac32ea6dcb9ed459f2a2206fc68e5124124d3109bbcdae39ac52167a6fb6
v1.23_parent_verification.csv,308,9ee112b710a29246f5ef3032967f7e79677d90162d557c542f8974da772b4209
v1.23_primary_sources.csv,2214,8b4ce1944cc0d2b41b5915ba5166b96622ecfdc7fff3232e94f0d02c7a886241
v1.23_sigma_relic.csv,836,ee5038e082b5c8f831183f9ca7c1257c3bd1962ff8786a41d6de4a2778678788
v1.23_source_normalization.csv,554,505a63231fdbf6dc72046807643fbda4208519a23761278f69476bd24e5e8997
v1.23_source_period_obstruction.png,48313,d273aa65fc6cf6fda1fdaa1409750868d7d437adaf485f6269fa0599462b165b
v1.23_summary.csv,2479,cc271bb478c415b2dbc0ee1681a0d92df4e2bf76ec39eded64b7840155088485
v1.23_summary.json,2910,f3be1a7e588e91703d2931734e7225d8d71fdf7fe90170acb41a6eeda48a9252
v1.23_thermal_potential.csv,397,d238b30bb0ba0415455647e6cdc5aed2be89e952b36b73758570a1008f726bfb
v1.23_uniform_propagator_audit.csv,814,19f8bb71de587daec7e1b063dfad282610f5c878d7c1445322266357a828b5a9
v1.23_unwanted_site_action_gaps.csv,688,9b52ee7e7d0a9c52643255027dd1272e79de4a7bb191cfc0a8e48ff2bd286b59
v1.23_wall_bias.csv,435,56d8015e05ebdab9275451ec240511a374a664ea01c4f4b4e8370c9cc0e0acb9
v1.23_wilson_benchmark.csv,2232,b343472a4a0be6497132d24d808fbaf6acc4e15132ee576cfaf8961bf4a8bcc4
v1.23_wilson_harmonic_purity.png,99407,692e609f81c78393166576dd4e8ab86d2af2f5743c445e8ebf0a240db6873242
v1.23_wilson_hessian.csv,306,54beed741d6b173b28d9184cfcd1683f199771b89651527521e554b117ce5c42
v1.23_wilson_hybrid_lock.csv,432,b8c0b5cba7464752bc04cdb1bcc7bf47ca070aab534095bb14734361e35c8b07
v1.23_wilson_instanton_cosmology_audit.py,76009,a9eb249654988960a46a6904b30e7734037881ad7bd37660f2ff33d982c5e16c
v1.23_wilson_instanton_cosmology_audit_note.md,12828,49ed915a9b33269105fb4ccc50c43f8eb90afdb404c043cf0c0a33ab72904ae4
