source,url,use
Extranatural Inflation,https://arxiv.org/abs/hep-th/0301218,"closed Wilson loop, f=1/(2pi g4 R), one-loop harmonics, nonlocal protection"
(De)Constructing Dimensions,https://arxiv.org/abs/hep-th/0104005,"deconstruction, link charges, lattice/continuum matching"
A Clockwork Theory,https://arxiv.org/abs/1610.07962,clockwork charge lattice and exponential zero-mode localization
A Clockwork Axion,https://arxiv.org/abs/1511.01827,axion/phase clockwork realization
General Continuum Clockwork,https://arxiv.org/abs/1711.06228,quantized clockwork charges and continuum limitations
Pseudo-Goldstones from Supersymmetric Wilson Lines,https://arxiv.org/abs/hep-ph/0503255,orbifold/brane-to-brane Wilson-line realization and supersymmetric cancellation issues
Deconstructing the Extra-Dimensional Axion,https://arxiv.org/abs/2606.02728,current deconstructed Wilson axion and fractional-instanton warning
Axion Quality in Warped Extra Dimensions,https://arxiv.org/abs/2604.08700,current nonlocal charged propagation and axion-quality audit
Modified instanton sums and higher groups,https://arxiv.org/abs/1912.01033,modified topological sectors imply extra discrete structure and vacua
Weak Gravity Strongly Constrains Large-Field Axion Inflation,https://arxiv.org/abs/1506.03447,conjectural axion-WGC diagnostic only
Standard Model sphaleron rate,https://arxiv.org/abs/1404.3565,electroweak crossover and sphaleron freeze-out temperature
Baryogenesis from cosmological CP breaking,https://arxiv.org/abs/2504.03506,recent spontaneous/cosmological CP framework; not evidence for this model
Axion domain walls with N_DW>1,https://arxiv.org/abs/1207.3166,long-lived domain-wall cosmology
Planck 2018 cosmological parameters,https://arxiv.org/abs/1807.06209,dark-matter and annihilation constraints
Planck 2018 inflation constraints,https://arxiv.org/abs/1807.06211,isocurvature constraint context
Bounds on very low reheating,https://arxiv.org/abs/1511.00672,few-MeV reheating/BBN lower bound
BBN constraints on long-lived particles,https://arxiv.org/abs/1709.01211,decay-before/during-BBN context
Discrete symmetries in the MSSM,https://arxiv.org/abs/1102.4611,discrete-R anomaly and Green-Schwarz conventions
